,hour,count,weekday,workingday,weathersit,temp,hum,windspeed
0,0,20,5.0,1.0,2.0,0.24,0.6,0.1642
1,1,20,5.0,1.0,1.0,0.24,0.6,0.19399999999999998
2,2,20,5.0,1.0,1.0,0.24,0.6,0.2537
3,3,20,5.0,1.0,2.0,0.24,0.6,0.1642
4,4,20,5.0,1.0,2.0,0.24,0.6,0.1045
5,5,20,5.0,1.0,2.0,0.24,0.6,0.0896
6,6,20,5.0,1.0,1.0,0.22,0.64,0.2836
7,7,20,5.0,1.0,1.0,0.22,0.64,0.1642
8,8,20,5.0,1.0,2.0,0.24,0.6,0.1343
9,9,20,5.0,1.0,2.0,0.24,0.6,0.2836
10,10,20,5.0,1.0,2.0,0.26,0.56,0.2537
11,11,20,5.0,1.0,2.0,0.28,0.52,0.2239
12,12,20,5.0,1.0,2.0,0.3,0.49,0.1343
13,13,20,5.0,1.0,2.0,0.3,0.49,0.1343
14,14,20,5.0,1.0,2.0,0.3,0.49,0.1343
15,15,20,5.0,1.0,2.0,0.3,0.49,0.0
16,16,20,5.0,1.0,1.0,0.3,0.49,0.1343
17,17,20,5.0,1.0,1.0,0.24,0.6,0.1343
18,18,20,5.0,1.0,1.0,0.24,0.6,0.1343
19,19,20,5.0,1.0,2.0,0.24,0.65,0.19399999999999998
20,20,20,5.0,1.0,2.0,0.24,0.65,0.1045
21,21,20,5.0,1.0,2.0,0.24,0.7,0.1343
22,22,20,5.0,1.0,2.0,0.24,0.7,0.0896
23,23,20,5.0,1.0,2.0,0.24,0.65,0.0896
24,0,20,4.0,1.0,3.0,0.26,0.87,0.2985
25,1,20,4.0,1.0,3.0,0.24,0.93,0.4478
26,2,20,4.0,1.0,2.0,0.24,0.87,0.4478
27,3,20,4.0,1.0,2.0,0.24,0.87,0.2239
28,4,20,4.0,1.0,2.0,0.24,0.87,0.3284
29,5,20,4.0,1.0,1.0,0.24,0.75,0.1642
30,6,20,4.0,1.0,1.0,0.24,0.7,0.4925
31,7,20,4.0,1.0,1.0,0.24,0.7,0.2239
32,8,20,4.0,1.0,1.0,0.26,0.65,0.3582
33,9,20,4.0,1.0,1.0,0.26,0.6,0.4925
34,10,20,4.0,1.0,1.0,0.28,0.56,0.5224
35,11,20,4.0,1.0,2.0,0.28,0.56,0.4478
36,12,20,4.0,1.0,1.0,0.3,0.49,0.4627
37,13,20,4.0,1.0,1.0,0.3,0.49,0.4627
38,14,20,4.0,1.0,2.0,0.26,0.56,0.5224
39,15,20,4.0,1.0,2.0,0.26,0.56,0.4478
40,16,20,4.0,1.0,2.0,0.26,0.52,0.2836
41,17,21,4.0,1.0,2.0,0.26,0.52,0.2836
42,18,21,4.0,1.0,2.0,0.24,0.6,0.2537
43,19,21,4.0,1.0,1.0,0.24,0.6,0.2836
44,20,21,4.0,1.0,1.0,0.24,0.6,0.1642
45,21,21,4.0,1.0,2.0,0.24,0.6,0.2537
46,22,21,4.0,1.0,2.0,0.24,0.6,0.2836
47,23,21,4.0,1.0,2.0,0.24,0.6,0.2537
48,0,20,3.0,1.0,2.0,0.28,0.65,0.2537
49,1,20,3.0,1.0,2.0,0.26,0.65,0.2985
50,2,20,3.0,1.0,2.0,0.26,0.65,0.2985
51,3,20,3.0,1.0,2.0,0.24,0.7,0.3582
52,4,20,3.0,1.0,1.0,0.22,0.69,0.3582
53,5,20,3.0,1.0,2.0,0.22,0.69,0.2836
54,6,20,3.0,1.0,2.0,0.22,0.69,0.2239
55,7,20,3.0,1.0,3.0,0.2,0.86,0.3284
56,8,20,3.0,1.0,3.0,0.2,0.86,0.3284
57,9,20,3.0,1.0,3.0,0.2,0.86,0.3284
58,10,20,3.0,1.0,3.0,0.2,0.86,0.2985
59,11,20,3.0,1.0,3.0,0.2,0.86,0.4627
60,12,20,3.0,1.0,3.0,0.22,0.87,0.3284
61,13,20,3.0,1.0,3.0,0.22,0.87,0.3284
62,14,20,3.0,1.0,3.0,0.22,0.93,0.2537
63,15,20,3.0,1.0,3.0,0.26,0.87,0.3582
64,16,20,3.0,1.0,3.0,0.26,0.87,0.3582
65,17,20,3.0,1.0,3.0,0.26,0.93,0.3582
66,18,20,3.0,1.0,3.0,0.28,0.93,0.2985
67,19,20,3.0,1.0,3.0,0.3,0.87,0.19399999999999998
68,20,20,3.0,1.0,3.0,0.32,0.93,0.2537
69,21,20,3.0,1.0,2.0,0.3,0.87,0.2985
70,22,20,3.0,1.0,3.0,0.24,0.93,0.4478
71,23,20,3.0,1.0,3.0,0.26,0.87,0.2985
72,0,20,2.0,0.0,3.0,0.24,0.93,0.0896
73,1,20,2.0,0.0,2.0,0.26,0.87,0.1642
74,2,20,2.0,0.0,2.0,0.26,0.87,0.1642
75,3,20,2.0,0.0,2.0,0.24,0.87,0.0896
76,4,20,2.0,0.0,2.0,0.22,0.93,0.1343
77,5,20,2.0,0.0,2.0,0.22,0.93,0.1343
78,6,20,2.0,0.0,2.0,0.22,0.93,0.1642
79,7,20,2.0,0.0,2.0,0.24,0.87,0.0
80,8,20,2.0,0.0,2.0,0.24,0.87,0.0
81,9,20,2.0,0.0,1.0,0.28,0.81,0.0
82,10,20,2.0,0.0,1.0,0.3,0.75,0.0896
83,11,20,2.0,0.0,1.0,0.32,0.76,0.0896
84,12,18,2.0,0.0,1.0,0.4,0.5,0.3284
85,13,18,2.0,0.0,1.0,0.38,0.46,0.2985
86,14,18,2.0,0.0,1.0,0.36,0.5,0.2537
87,15,18,2.0,0.0,2.0,0.36,0.5,0.2537
88,16,18,2.0,0.0,2.0,0.32,0.57,0.2537
89,17,18,2.0,0.0,2.0,0.32,0.66,0.2537
90,18,18,2.0,0.0,2.0,0.32,0.66,0.2239
91,19,18,2.0,0.0,2.0,0.32,0.66,0.2836
92,20,18,2.0,0.0,2.0,0.3,0.65,0.19399999999999998
93,21,18,2.0,0.0,2.0,0.3,0.7,0.1642
94,22,18,2.0,0.0,2.0,0.28,0.65,0.2537
95,23,18,,,,,,
96,0,20,1.0,1.0,1.0,0.22,0.69,0.0
97,1,20,1.0,1.0,1.0,0.22,0.69,0.0
98,2,20,1.0,1.0,1.0,0.2,0.75,0.0
99,3,20,1.0,1.0,1.0,0.2,0.75,0.0
100,4,20,1.0,1.0,1.0,0.18,0.8,0.1343
101,5,20,1.0,1.0,1.0,0.2,0.75,0.0
102,6,20,1.0,1.0,1.0,0.2,0.69,0.0
103,7,20,1.0,1.0,1.0,0.22,0.69,0.0
104,8,20,1.0,1.0,2.0,0.24,0.65,0.1045
105,9,20,1.0,1.0,2.0,0.26,0.65,0.0
106,10,20,1.0,1.0,2.0,0.26,0.6,0.1642
107,11,20,1.0,1.0,2.0,0.28,0.56,0.0896
108,12,20,1.0,1.0,3.0,0.24,0.81,0.1045
109,13,20,1.0,1.0,3.0,0.24,0.87,0.1045
110,14,20,1.0,1.0,3.0,0.24,0.87,0.2239
111,15,20,1.0,1.0,3.0,0.24,0.87,0.2239
112,16,20,1.0,1.0,3.0,0.24,0.93,0.1642
113,17,20,1.0,1.0,3.0,0.24,0.93,0.1045
114,18,20,1.0,1.0,2.0,0.24,0.93,0.1343
115,19,20,1.0,1.0,3.0,0.24,0.93,0.1343
116,20,20,1.0,1.0,3.0,0.24,0.93,0.0896
117,21,20,1.0,1.0,2.0,0.24,0.93,0.0
118,22,20,1.0,1.0,3.0,0.24,0.93,0.0
119,23,20,,,,,,
120,0,20,0.0,0.0,1.0,0.22,0.47,0.2836
121,1,20,0.0,0.0,1.0,0.22,0.47,0.19399999999999998
122,2,20,0.0,0.0,1.0,0.2,0.51,0.1642
123,3,20,0.0,0.0,1.0,0.2,0.51,0.1343
124,4,20,0.0,0.0,1.0,0.2,0.47,0.1343
125,5,20,0.0,0.0,1.0,0.2,0.51,0.0
126,6,20,0.0,0.0,1.0,0.16,0.64,0.0896
127,7,20,0.0,0.0,1.0,0.16,0.64,0.0896
128,8,20,0.0,0.0,1.0,0.14,0.69,0.1045
129,9,20,0.0,0.0,1.0,0.2,0.59,0.1045
130,10,20,0.0,0.0,1.0,0.22,0.64,0.19399999999999998
131,11,20,0.0,0.0,1.0,0.24,0.52,0.19399999999999998
132,12,20,0.0,0.0,1.0,0.3,0.42,0.19399999999999998
133,13,20,0.0,0.0,1.0,0.32,0.39,0.2239
134,14,20,0.0,0.0,1.0,0.34,0.31,0.2985
135,15,20,0.0,0.0,1.0,0.34,0.34,0.1343
136,16,21,0.0,0.0,1.0,0.34,0.34,0.19399999999999998
137,17,20,0.0,0.0,1.0,0.32,0.49,0.19399999999999998
138,18,20,0.0,0.0,1.0,0.3,0.45,0.1642
139,19,20,0.0,0.0,1.0,0.3,0.42,0.0
140,20,20,0.0,0.0,1.0,0.26,0.65,0.0
141,21,20,0.0,0.0,1.0,0.24,0.7,0.0
142,22,20,0.0,0.0,1.0,0.24,0.6,0.1045
143,23,20,0.0,0.0,1.0,0.24,0.6,0.0
144,0,20,6.0,0.0,1.0,0.26,0.44,0.5821
145,1,20,6.0,0.0,1.0,0.26,0.44,0.4478
146,2,20,6.0,0.0,1.0,0.26,0.44,0.5224
147,3,20,6.0,0.0,1.0,0.26,0.48,0.4478
148,4,20,6.0,0.0,1.0,0.26,0.48,0.19399999999999998
149,5,20,6.0,0.0,1.0,0.26,0.48,0.4179
150,6,20,6.0,0.0,1.0,0.26,0.44,0.4179
151,7,20,6.0,0.0,1.0,0.26,0.44,0.4179
152,8,20,6.0,0.0,1.0,0.26,0.44,0.6119
153,9,20,6.0,0.0,1.0,0.26,0.48,0.3881
154,10,20,6.0,0.0,1.0,0.26,0.48,0.3284
155,11,20,6.0,0.0,1.0,0.28,0.41,0.3582
156,12,20,6.0,0.0,1.0,0.3,0.36,0.6567
157,13,20,6.0,0.0,1.0,0.32,0.36,0.4478
158,14,20,6.0,0.0,1.0,0.32,0.36,0.4627
159,15,20,6.0,0.0,1.0,0.32,0.33,0.5821
160,16,20,6.0,0.0,1.0,0.3,0.39,0.4478
161,17,20,6.0,0.0,1.0,0.28,0.41,0.2985
162,18,20,6.0,0.0,1.0,0.26,0.44,0.4627
163,19,20,6.0,0.0,1.0,0.24,0.48,0.3582
164,20,20,6.0,0.0,1.0,0.24,0.48,0.1642
165,21,20,6.0,0.0,1.0,0.22,0.51,0.2836
166,22,20,6.0,0.0,1.0,0.22,0.51,0.2836
167,23,20,6.0,0.0,1.0,0.22,0.51,0.19399999999999998
168,0,20,5.0,1.0,3.0,0.42,0.88,0.2985
169,1,20,5.0,1.0,3.0,0.44,0.88,0.3881
170,2,20,5.0,1.0,3.0,0.46,0.94,0.3881
171,3,20,5.0,1.0,3.0,0.46,0.94,0.3881
172,4,20,5.0,1.0,2.0,0.36,0.71,0.4925
173,5,20,5.0,1.0,2.0,0.34,0.76,0.4179
174,6,20,5.0,1.0,2.0,0.34,0.57,0.5821
175,7,20,5.0,1.0,2.0,0.32,0.57,0.19399999999999998
176,8,20,5.0,1.0,2.0,0.32,0.57,0.2836
177,9,20,5.0,1.0,2.0,0.32,0.45,0.5522
178,10,20,5.0,1.0,1.0,0.32,0.42,0.4627
179,11,20,5.0,1.0,2.0,0.32,0.42,0.4179
180,12,20,5.0,1.0,2.0,0.32,0.39,0.3582
181,13,20,5.0,1.0,2.0,0.32,0.39,0.4179
182,14,20,5.0,1.0,2.0,0.32,0.39,0.4478
183,15,20,5.0,1.0,2.0,0.3,0.42,0.3881
184,16,20,5.0,1.0,2.0,0.3,0.39,0.3284
185,17,20,5.0,1.0,2.0,0.26,0.56,0.3284
186,18,20,5.0,1.0,2.0,0.26,0.56,0.2985
187,19,20,5.0,1.0,1.0,0.28,0.45,0.2985
188,20,20,5.0,1.0,1.0,0.28,0.41,0.2537
189,21,20,5.0,1.0,1.0,0.26,0.41,0.4179
190,22,20,5.0,1.0,1.0,0.26,0.44,0.2985
191,23,20,5.0,1.0,1.0,0.26,0.44,0.2836
192,0,20,4.0,1.0,1.0,0.32,0.61,0.1343
193,1,20,4.0,1.0,1.0,0.32,0.66,0.0
194,2,20,4.0,1.0,1.0,0.32,0.66,0.0
195,3,20,4.0,1.0,2.0,0.3,0.7,0.0896
196,4,20,4.0,1.0,2.0,0.3,0.7,0.0896
197,5,20,4.0,1.0,2.0,0.3,0.7,0.1045
198,6,20,4.0,1.0,2.0,0.3,0.65,0.0
199,7,20,4.0,1.0,2.0,0.3,0.7,0.0
200,8,19,4.0,1.0,2.0,0.3,0.7,0.0
201,9,19,4.0,1.0,2.0,0.3,0.7,0.0
202,10,19,4.0,1.0,2.0,0.32,0.66,0.0
203,11,19,4.0,1.0,2.0,0.34,0.57,0.2239
204,12,19,4.0,1.0,2.0,0.36,0.53,0.1642
205,13,19,4.0,1.0,2.0,0.36,0.57,0.19399999999999998
206,14,19,4.0,1.0,2.0,0.36,0.53,0.19399999999999998
207,15,19,4.0,1.0,2.0,0.34,0.57,0.19399999999999998
208,16,19,4.0,1.0,2.0,0.34,0.53,0.3284
209,17,19,4.0,1.0,2.0,0.34,0.66,0.19399999999999998
210,18,19,4.0,1.0,2.0,0.34,0.71,0.19399999999999998
211,19,19,4.0,1.0,3.0,0.34,0.71,0.2537
212,20,19,4.0,1.0,3.0,0.34,0.76,0.1642
213,21,19,4.0,1.0,3.0,0.34,0.76,0.1642
214,22,19,4.0,1.0,3.0,0.34,0.87,0.19399999999999998
215,23,19,4.0,1.0,3.0,0.4,0.82,0.2985
216,0,20,3.0,1.0,1.0,0.3,0.61,0.0
217,1,20,3.0,1.0,1.0,0.3,0.65,0.0896
218,2,20,3.0,1.0,1.0,0.28,0.65,0.0896
219,3,20,3.0,1.0,1.0,0.26,0.75,0.1343
220,4,20,3.0,1.0,1.0,0.24,0.75,0.1343
221,5,20,3.0,1.0,1.0,0.26,0.75,0.0896
222,6,20,3.0,1.0,1.0,0.24,0.75,0.0896
223,7,20,3.0,1.0,1.0,0.26,0.75,0.1343
224,8,19,3.0,1.0,1.0,0.24,0.87,0.1045
225,9,19,3.0,1.0,1.0,0.28,0.75,0.1045
226,10,19,3.0,1.0,1.0,0.32,0.7,0.1045
227,11,19,3.0,1.0,1.0,0.4,0.54,0.2239
228,12,19,3.0,1.0,1.0,0.4,0.54,0.2836
229,13,19,3.0,1.0,1.0,0.42,0.5,0.19399999999999998
230,14,19,3.0,1.0,1.0,0.42,0.5,0.19399999999999998
231,15,19,3.0,1.0,1.0,0.42,0.5,0.2836
232,16,19,3.0,1.0,1.0,0.42,0.5,0.3582
233,17,19,3.0,1.0,1.0,0.4,0.5,0.3881
234,18,19,3.0,1.0,1.0,0.38,0.5,0.3582
235,19,20,3.0,1.0,1.0,0.38,0.5,0.3881
236,20,20,3.0,1.0,1.0,0.36,0.57,0.2239
237,21,20,3.0,1.0,1.0,0.34,0.61,0.2239
238,22,20,3.0,1.0,1.0,0.34,0.61,0.0896
239,23,21,3.0,1.0,1.0,0.32,0.66,0.1343
240,0,20,2.0,1.0,2.0,0.44,0.94,0.1343
241,1,20,2.0,1.0,2.0,0.44,0.94,0.1343
242,2,20,2.0,1.0,2.0,0.44,0.88,0.2239
243,3,20,2.0,1.0,1.0,0.42,0.88,0.19399999999999998
244,4,20,2.0,1.0,1.0,0.42,0.82,0.1642
245,5,20,2.0,1.0,1.0,0.38,0.87,0.0896
246,6,20,2.0,1.0,1.0,0.36,0.93,0.1642
247,7,20,2.0,1.0,1.0,0.36,0.93,0.1343
248,8,20,2.0,1.0,1.0,0.38,0.94,0.0
249,9,20,2.0,1.0,1.0,0.4,0.87,0.0896
250,10,20,2.0,1.0,1.0,0.44,0.77,0.0896
251,11,19,2.0,1.0,1.0,0.48,0.63,0.2239
252,12,19,2.0,1.0,3.0,0.48,0.48,0.2537
253,13,19,2.0,1.0,1.0,0.5,0.42,0.2836
254,14,18,2.0,1.0,1.0,0.46,0.47,0.4478
255,15,18,2.0,1.0,1.0,0.46,0.44,0.4925
256,16,16,2.0,1.0,1.0,0.44,0.41,0.4627
257,17,17,2.0,1.0,1.0,0.4,0.47,0.4478
258,18,17,2.0,1.0,1.0,0.38,0.46,0.3284
259,19,16,2.0,1.0,1.0,0.38,0.46,0.3881
260,20,16,2.0,1.0,1.0,0.36,0.5,0.2537
261,21,16,2.0,1.0,1.0,0.36,0.5,0.2239
262,22,15,2.0,1.0,1.0,0.34,0.49,0.0
263,23,15,2.0,1.0,1.0,0.34,0.49,0.0896
264,0,20,1.0,1.0,2.0,0.38,0.87,0.0
265,1,20,1.0,1.0,2.0,0.38,0.87,0.1045
266,2,20,1.0,1.0,2.0,0.38,0.94,0.0
267,3,20,1.0,1.0,2.0,0.36,0.93,0.0
268,4,20,1.0,1.0,3.0,0.36,1.0,0.0
269,5,20,1.0,1.0,2.0,0.38,0.87,0.0
270,6,20,1.0,1.0,2.0,0.36,0.93,0.1343
271,7,20,1.0,1.0,2.0,0.36,0.93,0.1343
272,8,19,1.0,1.0,2.0,0.38,0.87,0.1045
273,9,19,1.0,1.0,2.0,0.4,0.87,0.0
274,10,19,1.0,1.0,2.0,0.38,0.87,0.0896
275,11,19,1.0,1.0,2.0,0.4,0.87,0.0896
276,12,19,1.0,1.0,2.0,0.4,0.87,0.0
277,13,19,1.0,1.0,2.0,0.4,0.87,0.1343
278,14,19,1.0,1.0,2.0,0.4,0.87,0.0896
279,15,19,1.0,1.0,2.0,0.42,0.88,0.0
280,16,19,1.0,1.0,3.0,0.4,0.94,0.2537
281,17,19,1.0,1.0,2.0,0.4,0.94,0.2537
282,18,19,1.0,1.0,2.0,0.4,0.94,0.0896
283,19,19,1.0,1.0,2.0,0.42,0.88,0.1343
284,20,19,1.0,1.0,2.0,0.42,0.94,0.2537
285,21,19,1.0,1.0,2.0,0.42,0.94,0.1343
286,22,19,1.0,1.0,2.0,0.42,0.94,0.1343
287,23,19,1.0,1.0,3.0,0.42,0.94,0.2239
288,0,20,0.0,0.0,2.0,0.36,0.62,0.0
289,1,20,0.0,0.0,3.0,0.34,0.76,0.1045
290,2,20,0.0,0.0,2.0,0.34,0.87,0.0896
291,3,20,0.0,0.0,2.0,0.34,0.87,0.19399999999999998
292,4,20,0.0,0.0,2.0,0.34,0.87,0.0
293,5,20,0.0,0.0,2.0,0.34,0.87,0.0
294,6,20,0.0,0.0,2.0,0.34,0.87,0.0
295,7,20,0.0,0.0,2.0,0.34,0.87,0.0896
296,8,20,0.0,0.0,2.0,0.36,0.87,0.1343
297,9,20,0.0,0.0,2.0,0.36,0.87,0.1343
298,10,19,0.0,0.0,2.0,0.36,0.87,0.1343
299,11,16,0.0,0.0,2.0,0.36,0.87,0.1343
300,12,19,0.0,0.0,2.0,0.38,0.82,0.19399999999999998
301,13,19,0.0,0.0,2.0,0.38,0.76,0.19399999999999998
302,14,19,0.0,0.0,2.0,0.38,0.76,0.1343
303,15,20,0.0,0.0,2.0,0.38,0.82,0.1045
304,16,20,0.0,0.0,2.0,0.38,0.82,0.1045
305,17,22,0.0,0.0,2.0,0.38,0.82,0.1045
306,18,22,0.0,0.0,3.0,0.38,0.82,0.1045
307,19,22,0.0,0.0,1.0,0.36,0.93,0.1343
308,20,22,0.0,0.0,2.0,0.38,0.82,0.0
309,21,22,0.0,0.0,2.0,0.36,0.93,0.0
310,22,22,0.0,0.0,2.0,0.4,0.82,0.19399999999999998
311,23,22,0.0,0.0,2.0,0.36,0.93,0.1343
312,0,20,6.0,0.0,1.0,0.3,0.7,0.0
313,1,20,6.0,0.0,2.0,0.26,0.81,0.0896
314,2,20,6.0,0.0,1.0,0.26,0.81,0.0
315,3,20,6.0,0.0,2.0,0.24,0.81,0.0
316,4,20,6.0,0.0,2.0,0.24,0.87,0.1045
317,5,20,6.0,0.0,2.0,0.26,0.75,0.0
318,6,20,6.0,0.0,2.0,0.24,0.75,0.0
319,7,20,6.0,0.0,2.0,0.24,0.75,0.0896
320,8,20,6.0,0.0,2.0,0.26,0.75,0.0896
321,9,20,6.0,0.0,1.0,0.26,0.75,0.1045
322,10,20,6.0,0.0,1.0,0.32,0.61,0.1642
323,11,20,6.0,0.0,1.0,0.34,0.61,0.0896
324,12,20,6.0,0.0,1.0,0.38,0.5,0.0896
325,13,20,6.0,0.0,1.0,0.38,0.54,0.2537
326,14,21,6.0,0.0,1.0,0.4,0.5,0.1642
327,15,21,6.0,0.0,1.0,0.42,0.47,0.0
328,16,20,6.0,0.0,1.0,0.4,0.5,0.1343
329,17,20,6.0,0.0,1.0,0.4,0.5,0.2239
330,18,20,6.0,0.0,1.0,0.38,0.58,0.1642
331,19,20,6.0,0.0,1.0,0.36,0.62,0.1343
332,20,20,6.0,0.0,2.0,0.36,0.57,0.19399999999999998
333,21,20,6.0,0.0,1.0,0.36,0.62,0.1343
334,22,20,6.0,0.0,1.0,0.36,0.62,0.19399999999999998
335,23,20,6.0,0.0,2.0,0.36,0.62,0.1343
336,0,20,5.0,1.0,1.0,0.22,0.64,0.0896
337,1,20,5.0,1.0,1.0,0.22,0.69,0.0896
338,2,20,5.0,1.0,1.0,0.22,0.69,0.0
339,3,20,5.0,1.0,1.0,0.2,0.69,0.1045
340,4,20,5.0,1.0,1.0,0.2,0.75,0.0896
341,5,20,5.0,1.0,1.0,0.2,0.69,0.1045
342,6,20,5.0,1.0,1.0,0.16,0.8,0.1045
343,7,20,5.0,1.0,1.0,0.2,0.72,0.1045
344,8,19,5.0,1.0,1.0,0.2,0.69,0.0896
345,9,19,5.0,1.0,1.0,0.24,0.75,0.1343
346,10,19,5.0,1.0,1.0,0.26,0.81,0.19399999999999998
347,11,19,5.0,1.0,1.0,0.32,0.65,0.19399999999999998
348,12,19,5.0,1.0,1.0,0.36,0.5,0.19399999999999998
349,13,19,5.0,1.0,1.0,0.36,0.5,0.2239
350,14,19,5.0,1.0,1.0,0.4,0.43,0.19399999999999998
351,15,19,5.0,1.0,1.0,0.4,0.47,0.1642
352,16,20,5.0,1.0,1.0,0.38,0.54,0.19399999999999998
353,17,21,5.0,1.0,1.0,0.34,0.57,0.1642
354,18,21,5.0,1.0,1.0,0.36,0.46,0.1343
355,19,21,5.0,1.0,1.0,0.34,0.53,0.0896
356,20,21,5.0,1.0,1.0,0.32,0.61,0.1343
357,21,21,5.0,1.0,1.0,0.3,0.75,0.1642
358,22,21,5.0,1.0,1.0,0.28,0.75,0.1045
359,23,21,5.0,1.0,1.0,0.28,0.75,0.0896
360,0,20,4.0,1.0,2.0,0.28,0.52,0.2239
361,1,20,4.0,1.0,2.0,0.28,0.52,0.2836
362,2,20,4.0,1.0,2.0,0.26,0.56,0.2537
363,3,20,4.0,1.0,2.0,0.26,0.56,0.2836
364,4,20,4.0,1.0,2.0,0.26,0.56,0.19399999999999998
365,5,20,4.0,1.0,2.0,0.26,0.56,0.1642
366,6,20,4.0,1.0,1.0,0.26,0.56,0.2537
367,7,20,4.0,1.0,1.0,0.24,0.6,0.2239
368,8,20,4.0,1.0,1.0,0.24,0.6,0.19399999999999998
369,9,20,4.0,1.0,1.0,0.28,0.52,0.2537
370,10,20,4.0,1.0,1.0,0.32,0.45,0.2836
371,11,20,4.0,1.0,1.0,0.34,0.42,0.2537
372,12,20,4.0,1.0,1.0,0.36,0.4,0.2537
373,13,20,4.0,1.0,1.0,0.36,0.34,0.19399999999999998
374,14,20,4.0,1.0,1.0,0.36,0.34,0.1642
375,15,20,4.0,1.0,1.0,0.36,0.34,0.1343
376,16,20,4.0,1.0,1.0,0.34,0.39,0.1045
377,17,20,4.0,1.0,1.0,0.32,0.42,0.1045
378,18,20,4.0,1.0,1.0,0.32,0.42,0.1045
379,19,20,4.0,1.0,1.0,0.3,0.45,0.1642
380,20,20,4.0,1.0,1.0,0.3,0.45,0.0
381,21,20,4.0,1.0,1.0,0.28,0.48,0.0
382,22,20,4.0,1.0,1.0,0.26,0.6,0.0896
383,23,20,4.0,1.0,1.0,0.26,0.6,0.0
384,0,20,3.0,1.0,1.0,0.3,0.52,0.1642
385,1,20,3.0,1.0,1.0,0.28,0.61,0.2239
386,2,20,3.0,1.0,1.0,0.28,0.56,0.1642
387,3,20,3.0,1.0,1.0,0.26,0.6,0.1343
388,4,20,3.0,1.0,1.0,0.26,0.6,0.0
389,5,20,3.0,1.0,1.0,0.26,0.6,0.19399999999999998
390,6,20,3.0,1.0,2.0,0.26,0.6,0.2537
391,7,20,3.0,1.0,2.0,0.26,0.6,0.19399999999999998
392,8,21,3.0,1.0,2.0,0.26,0.65,0.1642
393,9,21,3.0,1.0,2.0,0.28,0.61,0.1343
394,10,21,3.0,1.0,2.0,0.3,0.56,0.1642
395,11,21,3.0,1.0,2.0,0.32,0.49,0.2239
396,12,21,3.0,1.0,2.0,0.34,0.42,0.0
397,13,21,3.0,1.0,2.0,0.34,0.42,0.0
398,14,19,3.0,1.0,2.0,0.34,0.46,0.0
399,15,19,3.0,1.0,2.0,0.34,0.46,0.1045
400,16,19,3.0,1.0,2.0,0.34,0.46,0.1343
401,17,21,3.0,1.0,2.0,0.32,0.53,0.2239
402,18,21,3.0,1.0,2.0,0.32,0.49,0.2239
403,19,20,3.0,1.0,2.0,0.3,0.56,0.2239
404,20,20,3.0,1.0,1.0,0.3,0.52,0.2836
405,21,19,3.0,1.0,2.0,0.3,0.52,0.2537
406,22,19,3.0,1.0,2.0,0.3,0.52,0.2239
407,23,19,3.0,1.0,2.0,0.28,0.56,0.2239
408,0,20,2.0,1.0,3.0,0.46,0.77,0.4627
409,1,20,2.0,1.0,1.0,0.42,0.71,0.4478
410,2,20,2.0,1.0,2.0,0.4,0.66,0.3284
411,3,20,2.0,1.0,3.0,0.36,0.76,0.2836
412,4,20,2.0,1.0,2.0,0.34,0.76,0.2836
413,5,19,2.0,1.0,3.0,0.34,0.71,0.3284
414,6,19,2.0,1.0,2.0,0.34,0.71,0.2985
415,7,19,2.0,1.0,1.0,0.34,0.66,0.4179
416,8,20,2.0,1.0,2.0,0.34,0.61,0.2985
417,9,20,2.0,1.0,1.0,0.34,0.61,0.3881
418,10,20,2.0,1.0,1.0,0.36,0.57,0.3284
419,11,21,2.0,1.0,2.0,0.36,0.53,0.3582
420,12,21,2.0,1.0,2.0,0.36,0.53,0.4478
421,13,21,2.0,1.0,2.0,0.38,0.5,0.2239
422,14,21,2.0,1.0,2.0,0.38,0.5,0.2239
423,15,21,2.0,1.0,2.0,0.38,0.5,0.2239
424,16,21,2.0,1.0,2.0,0.38,0.5,0.2239
425,17,21,2.0,1.0,1.0,0.32,0.53,0.2239
426,18,23,2.0,1.0,1.0,0.32,0.53,0.2239
427,19,23,2.0,1.0,1.0,0.32,0.53,0.2239
428,20,23,2.0,1.0,1.0,0.32,0.53,0.2239
429,21,23,2.0,1.0,1.0,0.32,0.53,0.19399999999999998
430,22,24,2.0,1.0,1.0,0.3,0.56,0.2239
431,23,24,2.0,1.0,1.0,0.3,0.52,0.2239
432,0,20,1.0,1.0,3.0,0.36,1.0,0.0896
433,1,20,1.0,1.0,2.0,0.36,1.0,0.0
434,2,20,1.0,1.0,2.0,0.38,0.94,0.1045
435,3,20,1.0,1.0,2.0,0.38,0.94,0.1045
436,4,20,1.0,1.0,2.0,0.38,0.94,0.1045
437,5,20,1.0,1.0,2.0,0.38,0.94,0.1045
438,6,20,1.0,1.0,2.0,0.38,0.94,0.1642
439,7,20,1.0,1.0,2.0,0.38,0.94,0.2537
440,8,20,1.0,1.0,2.0,0.42,1.0,0.2537
441,9,20,1.0,1.0,2.0,0.42,1.0,0.2239
442,10,20,1.0,1.0,2.0,0.44,0.94,0.2239
443,11,20,1.0,1.0,3.0,0.46,0.94,0.2239
444,12,20,1.0,1.0,3.0,0.44,1.0,0.2239
445,13,20,1.0,1.0,3.0,0.44,1.0,0.2239
446,14,20,1.0,1.0,2.0,0.5,0.94,0.2239
447,15,20,1.0,1.0,2.0,0.5,0.87,0.1642
448,16,20,1.0,1.0,2.0,0.5,0.88,0.1045
449,17,21,1.0,1.0,2.0,0.48,0.82,0.2836
450,18,21,1.0,1.0,2.0,0.46,0.88,0.2836
451,19,21,1.0,1.0,1.0,0.52,0.77,0.2836
452,20,21,1.0,1.0,1.0,0.46,0.88,0.2537
453,21,21,1.0,1.0,2.0,0.46,0.94,0.19399999999999998
454,22,20,1.0,1.0,2.0,0.5,0.82,0.2239
455,23,20,1.0,1.0,1.0,0.46,0.88,0.2537
456,0,20,0.0,0.0,2.0,0.4,0.87,0.1343
457,1,20,0.0,0.0,2.0,0.4,0.87,0.1045
458,2,20,0.0,0.0,2.0,0.4,0.87,0.1045
459,3,20,0.0,0.0,2.0,0.4,0.87,0.1045
460,4,20,0.0,0.0,2.0,0.4,0.94,0.1045
461,5,20,0.0,0.0,2.0,0.4,0.87,0.1045
462,6,20,0.0,0.0,3.0,0.4,0.94,0.1045
463,7,20,0.0,0.0,3.0,0.4,0.87,0.2239
464,8,20,0.0,0.0,3.0,0.4,0.87,0.1642
465,9,20,0.0,0.0,2.0,0.4,0.87,0.2537
466,10,20,0.0,0.0,2.0,0.4,0.87,0.2836
467,11,20,0.0,0.0,2.0,0.4,0.87,0.2985
468,12,20,0.0,0.0,2.0,0.4,0.82,0.2985
469,13,20,0.0,0.0,2.0,0.38,0.87,0.2836
470,14,20,0.0,0.0,2.0,0.38,0.87,0.19399999999999998
471,15,20,0.0,0.0,3.0,0.36,0.93,0.1642
472,16,20,0.0,0.0,3.0,0.36,0.93,0.1642
473,17,20,0.0,0.0,3.0,0.36,0.93,0.1343
474,18,20,0.0,0.0,3.0,0.36,0.93,0.0896
475,19,20,0.0,0.0,3.0,0.38,0.94,0.0896
476,20,20,0.0,0.0,3.0,0.36,1.0,0.0896
477,21,20,0.0,0.0,2.0,0.36,1.0,0.1045
478,22,20,0.0,0.0,3.0,0.36,0.93,0.1045
479,23,20,0.0,0.0,3.0,0.36,1.0,0.0896
480,0,20,6.0,0.0,2.0,0.36,0.93,0.0896
481,1,20,6.0,0.0,2.0,0.36,0.93,0.1343
482,2,20,6.0,0.0,2.0,0.36,0.93,0.1343
483,3,20,6.0,0.0,2.0,0.36,0.93,0.1045
484,4,20,6.0,0.0,2.0,0.36,0.93,0.0
485,5,20,6.0,0.0,2.0,0.36,0.93,0.1045
486,6,20,6.0,0.0,2.0,0.36,0.93,0.1045
487,7,20,6.0,0.0,2.0,0.36,1.0,0.0896
488,8,20,6.0,0.0,2.0,0.38,0.94,0.0896
489,9,20,6.0,0.0,2.0,0.38,0.94,0.0
490,10,20,6.0,0.0,2.0,0.4,0.87,0.1343
491,11,20,6.0,0.0,2.0,0.4,0.87,0.1045
492,12,20,6.0,0.0,2.0,0.4,0.87,0.2239
493,13,20,6.0,0.0,2.0,0.4,0.87,0.1642
494,14,20,6.0,0.0,2.0,0.4,0.87,0.2836
495,15,20,6.0,0.0,1.0,0.42,0.82,0.1642
496,16,20,6.0,0.0,1.0,0.42,0.82,0.1642
497,17,20,6.0,0.0,1.0,0.38,0.87,0.1343
498,18,20,6.0,0.0,1.0,0.4,0.87,0.1045
499,19,20,6.0,0.0,1.0,0.4,0.87,0.0
500,20,20,6.0,0.0,2.0,0.36,1.0,0.0
501,21,20,6.0,0.0,2.0,0.36,1.0,0.0
502,22,20,6.0,0.0,2.0,0.38,0.94,0.1045
503,23,20,6.0,0.0,2.0,0.4,0.94,0.0
504,0,20,1.0,1.0,3.0,0.36,1.0,0.0896
505,1,20,1.0,1.0,2.0,0.36,1.0,0.0
506,2,20,1.0,1.0,2.0,0.38,0.94,0.1045
507,3,20,1.0,1.0,2.0,0.38,0.94,0.1045
508,4,20,1.0,1.0,2.0,0.38,0.94,0.1045
509,5,20,1.0,1.0,2.0,0.38,0.94,0.1045
510,6,20,1.0,1.0,2.0,0.38,0.94,0.1642
511,7,20,1.0,1.0,2.0,0.38,0.94,0.2537
512,8,20,1.0,1.0,2.0,0.42,1.0,0.2537
513,9,20,1.0,1.0,2.0,0.42,1.0,0.2239
514,10,20,1.0,1.0,2.0,0.44,0.94,0.2239
515,11,20,1.0,1.0,3.0,0.46,0.94,0.2239
516,12,20,1.0,1.0,3.0,0.44,1.0,0.2239
517,13,20,1.0,1.0,3.0,0.44,1.0,0.2239
518,14,20,1.0,1.0,2.0,0.5,0.94,0.2239
519,15,20,1.0,1.0,2.0,0.5,0.87,0.1642
520,16,20,1.0,1.0,2.0,0.5,0.88,0.1045
521,17,21,1.0,1.0,2.0,0.48,0.82,0.2836
522,18,21,1.0,1.0,2.0,0.46,0.88,0.2836
523,19,21,1.0,1.0,1.0,0.52,0.77,0.2836
524,20,21,1.0,1.0,1.0,0.46,0.88,0.2537
525,21,21,1.0,1.0,2.0,0.46,0.94,0.19399999999999998
526,22,20,1.0,1.0,2.0,0.5,0.82,0.2239
527,23,20,1.0,1.0,1.0,0.46,0.88,0.2537
528,0,20,0.0,0.0,2.0,0.4,0.87,0.1343
529,1,20,0.0,0.0,2.0,0.4,0.87,0.1045
530,2,20,0.0,0.0,2.0,0.4,0.87,0.1045
531,3,20,0.0,0.0,2.0,0.4,0.87,0.1045
532,4,20,0.0,0.0,2.0,0.4,0.94,0.1045
533,5,20,0.0,0.0,2.0,0.4,0.87,0.1045
534,6,20,0.0,0.0,3.0,0.4,0.94,0.1045
535,7,20,0.0,0.0,3.0,0.4,0.87,0.2239
536,8,20,0.0,0.0,3.0,0.4,0.87,0.1642
537,9,20,0.0,0.0,2.0,0.4,0.87,0.2537
538,10,20,0.0,0.0,2.0,0.4,0.87,0.2836
539,11,20,0.0,0.0,2.0,0.4,0.87,0.2985
540,12,20,0.0,0.0,2.0,0.4,0.82,0.2985
541,13,20,0.0,0.0,2.0,0.38,0.87,0.2836
542,14,20,0.0,0.0,2.0,0.38,0.87,0.19399999999999998
543,15,20,0.0,0.0,3.0,0.36,0.93,0.1642
544,16,20,0.0,0.0,3.0,0.36,0.93,0.1642
545,17,20,0.0,0.0,3.0,0.36,0.93,0.1343
546,18,20,0.0,0.0,3.0,0.36,0.93,0.0896
547,19,20,0.0,0.0,3.0,0.38,0.94,0.0896
548,20,20,0.0,0.0,3.0,0.36,1.0,0.0896
549,21,20,0.0,0.0,2.0,0.36,1.0,0.1045
550,22,20,0.0,0.0,3.0,0.36,0.93,0.1045
551,23,20,0.0,0.0,3.0,0.36,1.0,0.0896
552,0,20,6.0,0.0,2.0,0.36,0.93,0.0896
553,1,20,6.0,0.0,2.0,0.36,0.93,0.1343
554,2,20,6.0,0.0,2.0,0.36,0.93,0.1343
555,3,20,6.0,0.0,2.0,0.36,0.93,0.1045
556,4,20,6.0,0.0,2.0,0.36,0.93,0.0
557,5,20,6.0,0.0,2.0,0.36,0.93,0.1045
558,6,20,6.0,0.0,2.0,0.36,0.93,0.1045
559,7,20,6.0,0.0,2.0,0.36,1.0,0.0896
560,8,20,6.0,0.0,2.0,0.38,0.94,0.0896
561,9,20,6.0,0.0,2.0,0.38,0.94,0.0
562,10,20,6.0,0.0,2.0,0.4,0.87,0.1343
563,11,20,6.0,0.0,2.0,0.4,0.87,0.1045
564,12,20,6.0,0.0,2.0,0.4,0.87,0.2239
565,13,20,6.0,0.0,2.0,0.4,0.87,0.1642
566,14,20,6.0,0.0,2.0,0.4,0.87,0.2836
567,15,20,6.0,0.0,1.0,0.42,0.82,0.1642
568,16,20,6.0,0.0,1.0,0.42,0.82,0.1642
569,17,20,6.0,0.0,1.0,0.38,0.87,0.1343
570,18,20,6.0,0.0,1.0,0.4,0.87,0.1045
571,19,20,6.0,0.0,1.0,0.4,0.87,0.0
572,20,20,6.0,0.0,2.0,0.36,1.0,0.0
573,21,20,6.0,0.0,2.0,0.36,1.0,0.0
574,22,20,6.0,0.0,2.0,0.38,0.94,0.1045
575,23,20,6.0,0.0,2.0,0.4,0.94,0.0
576,0,20,5.0,1.0,1.0,0.24,0.7,0.1045
577,1,20,5.0,1.0,2.0,0.24,0.7,0.19399999999999998
578,2,20,5.0,1.0,2.0,0.26,0.7,0.1343
579,3,20,5.0,1.0,2.0,0.26,0.81,0.19399999999999998
580,4,20,5.0,1.0,1.0,0.26,0.75,0.1045
581,5,20,5.0,1.0,2.0,0.26,0.81,0.1045
582,6,20,5.0,1.0,2.0,0.28,0.75,0.1642
583,7,20,5.0,1.0,3.0,0.28,0.81,0.1642
584,8,20,5.0,1.0,2.0,0.3,0.75,0.19399999999999998
585,9,19,5.0,1.0,2.0,0.3,0.81,0.1343
586,10,19,5.0,1.0,2.0,0.32,0.76,0.1642
587,11,19,5.0,1.0,2.0,0.32,0.76,0.19399999999999998
588,12,19,5.0,1.0,2.0,0.34,0.71,0.19399999999999998
589,13,19,5.0,1.0,2.0,0.36,0.66,0.1343
590,14,18,5.0,1.0,2.0,0.36,0.71,0.1642
591,15,17,5.0,1.0,2.0,0.36,0.71,0.1642
592,16,17,5.0,1.0,1.0,0.36,0.76,0.1343
593,17,19,5.0,1.0,2.0,0.38,0.66,0.0
594,18,19,5.0,1.0,2.0,0.38,0.71,0.1045
595,19,20,5.0,1.0,2.0,0.38,0.76,0.0
596,20,20,5.0,1.0,3.0,0.38,0.76,0.1045
597,21,20,5.0,1.0,2.0,0.36,0.93,0.1045
598,22,20,5.0,1.0,2.0,0.36,0.93,0.0896
599,23,20,5.0,1.0,2.0,0.36,0.93,0.0896
600,0,20,4.0,1.0,1.0,0.26,0.48,0.2836
601,1,20,4.0,1.0,1.0,0.26,0.48,0.2836
602,2,20,4.0,1.0,1.0,0.24,0.52,0.2836
603,3,20,4.0,1.0,1.0,0.22,0.55,0.19399999999999998
604,4,20,4.0,1.0,1.0,0.22,0.55,0.2985
605,5,20,4.0,1.0,1.0,0.22,0.55,0.2836
606,6,20,4.0,1.0,1.0,0.22,0.55,0.2985
607,7,20,4.0,1.0,1.0,0.22,0.51,0.2985
608,8,18,4.0,1.0,1.0,0.22,0.51,0.2985
609,9,20,4.0,1.0,1.0,0.24,0.48,0.19399999999999998
610,10,20,4.0,1.0,1.0,0.24,0.52,0.19399999999999998
611,11,20,4.0,1.0,1.0,0.26,0.48,0.1642
612,12,20,4.0,1.0,1.0,0.28,0.41,0.0
613,13,20,4.0,1.0,1.0,0.3,0.39,0.0
614,14,20,4.0,1.0,1.0,0.3,0.42,0.0896
615,15,20,4.0,1.0,1.0,0.32,0.39,0.0
616,16,20,4.0,1.0,1.0,0.32,0.42,0.0
617,17,20,4.0,1.0,1.0,0.3,0.45,0.1045
618,18,20,4.0,1.0,1.0,0.28,0.45,0.1642
619,19,20,4.0,1.0,1.0,0.26,0.6,0.19399999999999998
620,20,20,4.0,1.0,2.0,0.24,0.6,0.1045
621,21,20,4.0,1.0,2.0,0.24,0.6,0.1343
622,22,20,4.0,1.0,1.0,0.24,0.65,0.1642
623,23,20,4.0,1.0,1.0,0.24,0.65,0.1642
624,0,20,3.0,1.0,1.0,0.5,0.59,0.2836
625,1,20,3.0,1.0,1.0,0.52,0.55,0.3284
626,2,20,3.0,1.0,1.0,0.46,0.67,0.1642
627,3,20,3.0,1.0,1.0,0.48,0.67,0.1343
628,4,20,3.0,1.0,1.0,0.5,0.63,0.4478
629,5,20,3.0,1.0,1.0,0.5,0.59,0.2836
630,6,20,3.0,1.0,3.0,0.48,0.55,0.3881
631,7,20,3.0,1.0,3.0,0.46,0.59,0.2985
632,8,19,3.0,1.0,2.0,0.44,0.58,0.2836
633,9,19,3.0,1.0,2.0,0.44,0.51,0.2239
634,10,19,3.0,1.0,2.0,0.44,0.47,0.3582
635,11,19,3.0,1.0,1.0,0.44,0.44,0.2836
636,12,19,3.0,1.0,1.0,0.44,0.41,0.2836
637,13,19,3.0,1.0,1.0,0.46,0.41,0.2836
638,14,19,3.0,1.0,1.0,0.48,0.33,0.4925
639,15,19,3.0,1.0,1.0,0.48,0.33,0.2836
640,16,19,3.0,1.0,1.0,0.46,0.33,0.2836
641,17,20,3.0,1.0,1.0,0.44,0.35,0.2836
642,18,20,3.0,1.0,1.0,0.42,0.35,0.4478
643,19,20,3.0,1.0,1.0,0.38,0.43,0.3582
644,20,20,3.0,1.0,1.0,0.34,0.46,0.3881
645,21,20,3.0,1.0,1.0,0.34,0.46,0.4179
646,22,20,3.0,1.0,1.0,0.32,0.45,0.3881
647,23,20,3.0,1.0,1.0,0.3,0.49,0.3881
648,0,20,2.0,1.0,1.0,0.42,0.88,0.1045
649,1,20,2.0,1.0,1.0,0.42,0.82,0.1045
650,2,20,2.0,1.0,1.0,0.42,0.88,0.0896
651,3,20,2.0,1.0,2.0,0.4,0.87,0.1343
652,4,20,2.0,1.0,2.0,0.4,0.87,0.1343
653,5,20,2.0,1.0,2.0,0.44,0.88,0.0
654,6,20,2.0,1.0,2.0,0.36,0.93,0.0
655,7,20,2.0,1.0,1.0,0.42,0.88,0.1343
656,8,20,2.0,1.0,2.0,0.44,0.88,0.1642
657,9,19,2.0,1.0,1.0,0.46,0.82,0.1045
658,10,19,2.0,1.0,1.0,0.46,0.82,0.19399999999999998
659,11,18,2.0,1.0,1.0,0.48,0.77,0.19399999999999998
660,12,19,2.0,1.0,1.0,0.52,0.68,0.19399999999999998
661,13,19,2.0,1.0,2.0,0.54,0.64,0.1642
662,14,19,2.0,1.0,2.0,0.58,0.56,0.2239
663,15,19,2.0,1.0,2.0,0.6,0.49,0.2537
664,16,19,2.0,1.0,1.0,0.58,0.49,0.2836
665,17,18,2.0,1.0,1.0,0.52,0.59,0.2239
666,18,19,2.0,1.0,1.0,0.5,0.63,0.2239
667,19,19,2.0,1.0,1.0,0.48,0.67,0.2239
668,20,19,2.0,1.0,2.0,0.5,0.63,0.2239
669,21,19,2.0,1.0,2.0,0.5,0.63,0.2537
670,22,19,2.0,1.0,2.0,0.5,0.63,0.2985
671,23,19,2.0,1.0,1.0,0.48,0.67,0.2537
672,0,20,1.0,1.0,2.0,0.42,0.82,0.1642
673,1,20,1.0,1.0,1.0,0.4,0.82,0.1343
674,2,20,1.0,1.0,1.0,0.42,0.77,0.1642
675,3,20,1.0,1.0,1.0,0.38,0.87,0.0
676,4,20,1.0,1.0,1.0,0.36,0.93,0.0
677,5,20,1.0,1.0,1.0,0.34,0.93,0.0896
678,6,20,1.0,1.0,1.0,0.36,0.93,0.0
679,7,20,1.0,1.0,2.0,0.34,0.93,0.0
680,8,19,1.0,1.0,1.0,0.36,0.93,0.0
681,9,19,1.0,1.0,1.0,0.4,0.87,0.0896
682,10,19,1.0,1.0,1.0,0.44,0.77,0.1343
683,11,19,1.0,1.0,1.0,0.48,0.77,0.1343
684,12,19,1.0,1.0,1.0,0.52,0.68,0.1642
685,13,19,1.0,1.0,1.0,0.58,0.56,0.0896
686,14,19,1.0,1.0,1.0,0.6,0.53,0.0
687,15,19,1.0,1.0,1.0,0.6,0.56,0.0
688,16,19,1.0,1.0,1.0,0.6,0.53,0.1343
689,17,20,1.0,1.0,1.0,0.52,0.63,0.1045
690,18,20,1.0,1.0,1.0,0.5,0.68,0.0896
691,19,21,1.0,1.0,1.0,0.5,0.68,0.0896
692,20,21,1.0,1.0,2.0,0.46,0.77,0.0
693,21,21,1.0,1.0,1.0,0.44,0.82,0.19399999999999998
694,22,21,1.0,1.0,1.0,0.42,0.82,0.1045
695,23,21,1.0,1.0,1.0,0.42,0.82,0.1045
696,0,19,0.0,0.0,2.0,0.3,0.87,0.0896
697,1,19,0.0,0.0,2.0,0.3,0.87,0.0896
698,2,19,0.0,0.0,2.0,0.3,0.87,0.0
699,3,19,0.0,0.0,2.0,0.26,0.93,0.0
700,4,19,0.0,0.0,2.0,0.26,0.93,0.0
701,5,19,0.0,0.0,2.0,0.26,0.93,0.0
702,6,19,0.0,0.0,2.0,0.24,0.93,0.1343
703,7,19,0.0,0.0,2.0,0.24,0.93,0.1343
704,8,19,0.0,0.0,2.0,0.26,0.93,0.0896
705,9,19,0.0,0.0,2.0,0.28,0.93,0.1642
706,10,19,0.0,0.0,2.0,0.3,0.87,0.0
707,11,19,0.0,0.0,2.0,0.32,0.81,0.1642
708,12,19,0.0,0.0,2.0,0.34,0.81,0.1642
709,13,19,0.0,0.0,1.0,0.4,0.71,0.2239
710,14,19,0.0,0.0,1.0,0.44,0.62,0.2537
711,15,19,0.0,0.0,1.0,0.44,0.67,0.1343
712,16,19,0.0,0.0,2.0,0.44,0.67,0.1045
713,17,19,0.0,0.0,3.0,0.4,0.76,0.19399999999999998
714,18,19,0.0,0.0,2.0,0.44,0.72,0.1045
715,19,19,0.0,0.0,2.0,0.4,0.82,0.19399999999999998
716,20,20,0.0,0.0,2.0,0.42,0.82,0.19399999999999998
717,21,20,0.0,0.0,2.0,0.44,0.77,0.2239
718,22,20,0.0,0.0,2.0,0.44,0.77,0.19399999999999998
719,23,20,0.0,0.0,2.0,0.42,0.82,0.1343
720,0,20,6.0,0.0,1.0,0.26,0.81,0.0
721,1,20,6.0,0.0,1.0,0.26,0.81,0.0
722,2,20,6.0,0.0,2.0,0.26,0.81,0.0
723,3,20,6.0,0.0,2.0,0.26,0.81,0.1343
724,4,20,6.0,0.0,1.0,0.26,0.81,0.0896
725,5,20,6.0,0.0,1.0,0.24,0.87,0.0896
726,6,20,6.0,0.0,1.0,0.24,0.87,0.1343
727,7,20,6.0,0.0,2.0,0.24,0.87,0.1343
728,8,20,6.0,0.0,2.0,0.24,0.87,0.1343
729,9,20,6.0,0.0,2.0,0.26,0.93,0.2537
730,10,20,6.0,0.0,2.0,0.28,0.89,0.1642
731,11,20,6.0,0.0,2.0,0.32,0.76,0.1045
732,12,20,6.0,0.0,2.0,0.32,0.81,0.0896
733,13,20,6.0,0.0,2.0,0.34,0.76,0.0
734,14,19,6.0,0.0,2.0,0.36,0.71,0.0
735,15,20,6.0,0.0,2.0,0.4,0.62,0.0
736,16,19,6.0,0.0,2.0,0.38,0.66,0.0
737,17,19,6.0,0.0,2.0,0.34,0.76,0.1045
738,18,19,6.0,0.0,2.0,0.34,0.76,0.0
739,19,19,6.0,0.0,2.0,0.32,0.81,0.0
740,20,19,6.0,0.0,1.0,0.32,0.81,0.0
741,21,19,6.0,0.0,2.0,0.3,0.87,0.0
742,22,19,6.0,0.0,2.0,0.3,0.87,0.0
743,23,19,6.0,0.0,2.0,0.32,0.81,0.0
744,0,20,5.0,1.0,1.0,0.26,0.7,0.1642
745,1,20,5.0,1.0,1.0,0.24,0.7,0.0896
746,2,20,5.0,1.0,1.0,0.24,0.75,0.0
747,3,20,5.0,1.0,1.0,0.24,0.75,0.0
748,4,20,5.0,1.0,1.0,0.22,0.75,0.0
749,5,20,5.0,1.0,1.0,0.2,0.8,0.0
750,6,20,5.0,1.0,1.0,0.2,0.86,0.0
751,7,20,5.0,1.0,1.0,0.22,0.8,0.0
752,8,17,5.0,1.0,2.0,0.22,0.8,0.0896
753,9,16,5.0,1.0,1.0,0.24,0.75,0.0896
754,10,16,5.0,1.0,2.0,0.3,0.65,0.0
755,11,16,5.0,1.0,2.0,0.34,0.53,0.0896
756,12,16,5.0,1.0,2.0,0.38,0.46,0.0
757,13,16,5.0,1.0,2.0,0.4,0.4,0.1642
758,14,16,5.0,1.0,2.0,0.4,0.4,0.1045
759,15,16,5.0,1.0,2.0,0.42,0.38,0.1045
760,16,16,5.0,1.0,1.0,0.4,0.43,0.1343
761,17,18,5.0,1.0,1.0,0.36,0.5,0.19399999999999998
762,18,19,5.0,1.0,2.0,0.34,0.61,0.0
763,19,19,5.0,1.0,1.0,0.32,0.66,0.0
764,20,19,5.0,1.0,1.0,0.32,0.66,0.0
765,21,19,5.0,1.0,1.0,0.3,0.75,0.0896
766,22,19,5.0,1.0,1.0,0.3,0.75,0.0
767,23,19,5.0,1.0,2.0,0.3,0.75,0.0896
768,0,20,4.0,1.0,1.0,0.24,0.56,0.0896
769,1,20,4.0,1.0,1.0,0.22,0.64,0.0896
770,2,20,4.0,1.0,1.0,0.22,0.64,0.0
771,3,20,4.0,1.0,1.0,0.2,0.75,0.0896
772,4,20,4.0,1.0,1.0,0.2,0.69,0.0
773,5,20,4.0,1.0,1.0,0.22,0.69,0.0
774,6,20,4.0,1.0,1.0,0.2,0.64,0.0
775,7,20,4.0,1.0,1.0,0.2,0.69,0.1045
776,8,20,4.0,1.0,1.0,0.24,0.6,0.0
777,9,20,4.0,1.0,1.0,0.28,0.65,0.0896
778,10,20,4.0,1.0,1.0,0.36,0.37,0.2239
779,11,19,4.0,1.0,1.0,0.36,0.4,0.1642
780,12,19,4.0,1.0,1.0,0.38,0.32,0.1343
781,13,19,4.0,1.0,1.0,0.36,0.43,0.2239
782,14,19,4.0,1.0,1.0,0.36,0.43,0.2836
783,15,19,4.0,1.0,1.0,0.36,0.4,0.2239
784,16,19,4.0,1.0,1.0,0.34,0.39,0.19399999999999998
785,17,21,4.0,1.0,1.0,0.32,0.49,0.1642
786,18,23,4.0,1.0,1.0,0.3,0.52,0.19399999999999998
787,19,23,4.0,1.0,1.0,0.3,0.52,0.1642
788,20,23,4.0,1.0,1.0,0.26,0.65,0.1343
789,21,23,4.0,1.0,1.0,0.26,0.7,0.0896
790,22,23,4.0,1.0,1.0,0.28,0.61,0.0
791,23,23,,,,,,
792,0,20,3.0,1.0,2.0,0.26,0.75,0.2537
793,1,20,3.0,1.0,2.0,0.26,0.75,0.2239
794,2,20,3.0,1.0,2.0,0.26,0.75,0.2239
795,3,20,3.0,1.0,2.0,0.26,0.7,0.2239
796,4,20,3.0,1.0,2.0,0.26,0.7,0.19399999999999998
797,5,20,3.0,1.0,2.0,0.26,0.7,0.1343
798,6,20,3.0,1.0,2.0,0.26,0.65,0.2239
799,7,20,3.0,1.0,2.0,0.26,0.56,0.19399999999999998
800,8,19,3.0,1.0,1.0,0.24,0.6,0.2836
801,9,19,3.0,1.0,1.0,0.28,0.52,0.19399999999999998
802,10,19,3.0,1.0,1.0,0.3,0.49,0.1045
803,11,19,3.0,1.0,1.0,0.32,0.45,0.1642
804,12,18,3.0,1.0,1.0,0.34,0.42,0.3881
805,13,18,3.0,1.0,1.0,0.34,0.42,0.19399999999999998
806,14,18,3.0,1.0,1.0,0.36,0.4,0.2985
807,15,18,3.0,1.0,1.0,0.36,0.32,0.3284
808,16,18,3.0,1.0,1.0,0.36,0.29,0.2537
809,17,18,3.0,1.0,1.0,0.34,0.31,0.1343
810,18,18,3.0,1.0,1.0,0.32,0.33,0.2836
811,19,18,3.0,1.0,1.0,0.32,0.36,0.1642
812,20,18,3.0,1.0,1.0,0.32,0.36,0.1343
813,21,18,3.0,1.0,1.0,0.3,0.39,0.1642
814,22,18,3.0,1.0,1.0,0.28,0.45,0.1642
815,23,18,3.0,1.0,1.0,0.26,0.48,0.1343
816,0,20,2.0,1.0,2.0,0.32,0.66,0.0896
817,1,20,2.0,1.0,2.0,0.32,0.7,0.1343
818,2,20,2.0,1.0,2.0,0.32,0.7,0.1642
819,3,20,2.0,1.0,3.0,0.32,0.7,0.1343
820,4,20,2.0,1.0,3.0,0.3,0.81,0.19399999999999998
821,5,20,2.0,1.0,2.0,0.3,0.81,0.2239
822,6,20,2.0,1.0,2.0,0.3,0.81,0.1642
823,7,20,2.0,1.0,3.0,0.3,0.81,0.1343
824,8,20,2.0,1.0,3.0,0.32,0.81,0.1642
825,9,20,2.0,1.0,2.0,0.32,0.81,0.1343
826,10,20,2.0,1.0,3.0,0.32,0.81,0.19399999999999998
827,11,20,2.0,1.0,3.0,0.3,0.87,0.2985
828,12,20,2.0,1.0,3.0,0.28,0.87,0.3881
829,13,20,2.0,1.0,3.0,0.28,0.87,0.2537
830,14,20,2.0,1.0,3.0,0.28,0.87,0.3582
831,15,20,2.0,1.0,2.0,0.3,0.75,0.2985
832,16,20,2.0,1.0,2.0,0.3,0.75,0.2985
833,17,19,2.0,1.0,2.0,0.3,0.75,0.3881
834,18,19,2.0,1.0,1.0,0.26,0.81,0.3582
835,19,19,2.0,1.0,1.0,0.26,0.73,0.2985
836,20,19,2.0,1.0,1.0,0.26,0.75,0.3284
837,21,19,2.0,1.0,1.0,0.24,0.81,0.2836
838,22,19,2.0,1.0,1.0,0.24,0.81,0.1642
839,23,19,2.0,1.0,2.0,0.26,0.81,0.2537
840,0,20,1.0,1.0,1.0,0.22,0.69,0.0
841,1,20,1.0,1.0,1.0,0.2,0.69,0.0
842,2,20,1.0,1.0,1.0,0.2,0.69,0.0
843,3,20,1.0,1.0,1.0,0.2,0.69,0.0
844,4,20,1.0,1.0,1.0,0.22,0.69,0.0
845,5,20,1.0,1.0,1.0,0.22,0.69,0.1642
846,6,20,1.0,1.0,1.0,0.22,0.69,0.0
847,7,20,1.0,1.0,1.0,0.24,0.65,0.0
848,8,20,1.0,1.0,1.0,0.24,0.65,0.0
849,9,19,1.0,1.0,1.0,0.28,0.56,0.0896
850,10,19,1.0,1.0,1.0,0.32,0.49,0.0
851,11,19,1.0,1.0,1.0,0.4,0.37,0.2985
852,12,19,1.0,1.0,1.0,0.42,0.35,0.1045
853,13,19,1.0,1.0,1.0,0.42,0.35,0.1045
854,14,19,1.0,1.0,1.0,0.42,0.35,0.0
855,15,19,1.0,1.0,1.0,0.42,0.35,0.0896
856,16,20,1.0,1.0,1.0,0.44,0.3,0.0
857,17,20,1.0,1.0,1.0,0.42,0.32,0.0
858,18,20,1.0,1.0,1.0,0.36,0.5,0.1642
859,19,20,1.0,1.0,1.0,0.34,0.53,0.0
860,20,21,1.0,1.0,1.0,0.34,0.49,0.0
861,21,21,1.0,1.0,1.0,0.34,0.49,0.0
862,22,21,1.0,1.0,1.0,0.32,0.61,0.0
863,23,21,1.0,1.0,2.0,0.32,0.66,0.1045
864,0,20,0.0,0.0,1.0,0.22,0.47,0.2537
865,1,20,0.0,0.0,1.0,0.22,0.44,0.19399999999999998
866,2,20,0.0,0.0,1.0,0.22,0.44,0.3582
867,3,20,0.0,0.0,1.0,0.22,0.44,0.0
868,4,20,0.0,0.0,1.0,0.22,0.44,0.0
869,5,20,0.0,0.0,2.0,0.22,0.47,0.1642
870,6,20,0.0,0.0,2.0,0.22,0.47,0.1045
871,7,20,0.0,0.0,2.0,0.22,0.51,0.1045
872,8,20,0.0,0.0,2.0,0.22,0.51,0.19399999999999998
873,9,20,0.0,0.0,2.0,0.24,0.48,0.2239
874,10,20,0.0,0.0,1.0,0.24,0.48,0.2537
875,11,20,0.0,0.0,2.0,0.26,0.41,0.2239
876,12,20,0.0,0.0,2.0,0.26,0.41,0.2239
877,13,20,0.0,0.0,2.0,0.26,0.41,0.1642
878,14,20,0.0,0.0,2.0,0.3,0.42,0.2537
879,15,20,0.0,0.0,1.0,0.3,0.42,0.2537
880,16,20,0.0,0.0,1.0,0.3,0.39,0.2239
881,17,20,0.0,0.0,1.0,0.28,0.41,0.1642
882,18,20,0.0,0.0,1.0,0.26,0.44,0.1642
883,19,20,0.0,0.0,1.0,0.26,0.41,0.0
884,20,20,0.0,0.0,1.0,0.24,0.6,0.0
885,21,20,0.0,0.0,1.0,0.26,0.48,0.0
886,22,20,0.0,0.0,1.0,0.24,0.6,0.0
887,23,20,0.0,0.0,1.0,0.22,0.69,0.0896
888,0,20,6.0,0.0,1.0,0.4,0.37,0.4179
889,1,20,6.0,0.0,1.0,0.34,0.42,0.4925
890,2,20,6.0,0.0,1.0,0.32,0.39,0.6119
891,3,20,6.0,0.0,1.0,0.28,0.41,0.3582
892,4,20,6.0,0.0,1.0,0.26,0.41,0.4478
893,5,20,6.0,0.0,1.0,0.26,0.41,0.3284
894,6,20,6.0,0.0,1.0,0.24,0.44,0.2836
895,7,20,6.0,0.0,2.0,0.26,0.41,0.3284
896,8,20,6.0,0.0,2.0,0.26,0.44,0.4627
897,9,20,6.0,0.0,2.0,0.26,0.41,0.4478
898,10,20,6.0,0.0,2.0,0.26,0.44,0.2985
899,11,20,6.0,0.0,2.0,0.28,0.41,0.2985
900,12,20,6.0,0.0,2.0,0.3,0.36,0.6119
901,13,20,6.0,0.0,1.0,0.32,0.36,0.3284
902,14,20,6.0,0.0,1.0,0.32,0.33,0.4627
903,15,19,6.0,0.0,1.0,0.3,0.36,0.4627
904,16,19,6.0,0.0,1.0,0.28,0.38,0.4478
905,17,19,6.0,0.0,1.0,0.26,0.41,0.3881
906,18,20,6.0,0.0,1.0,0.26,0.38,0.3881
907,19,20,6.0,0.0,1.0,0.26,0.41,0.2537
908,20,20,6.0,0.0,1.0,0.24,0.44,0.2836
909,21,20,6.0,0.0,1.0,0.24,0.44,0.19399999999999998
910,22,20,6.0,0.0,1.0,0.24,0.44,0.2537
911,23,20,6.0,0.0,1.0,0.24,0.44,0.19399999999999998
912,0,21,5.0,1.0,1.0,0.28,0.65,0.0
913,1,21,5.0,1.0,1.0,0.28,0.81,0.0896
914,2,21,5.0,1.0,1.0,0.26,0.75,0.0896
915,3,21,5.0,1.0,1.0,0.26,0.7,0.0
916,4,21,5.0,1.0,1.0,0.24,0.75,0.1045
917,5,21,5.0,1.0,1.0,0.24,0.81,0.0
918,6,21,5.0,1.0,1.0,0.24,0.81,0.0
919,7,21,5.0,1.0,1.0,0.24,0.81,0.0
920,8,21,5.0,1.0,1.0,0.24,0.87,0.0896
921,9,21,5.0,1.0,1.0,0.28,0.75,0.1045
922,10,21,5.0,1.0,1.0,0.34,0.61,0.1642
923,11,21,5.0,1.0,1.0,0.4,0.5,0.19399999999999998
924,12,21,5.0,1.0,1.0,0.44,0.38,0.2537
925,13,21,5.0,1.0,1.0,0.46,0.38,0.2836
926,14,21,5.0,1.0,1.0,0.5,0.36,0.2537
927,15,21,5.0,1.0,1.0,0.48,0.41,0.2537
928,16,21,5.0,1.0,2.0,0.48,0.41,0.1045
929,17,21,5.0,1.0,2.0,0.48,0.39,0.0896
930,18,21,5.0,1.0,2.0,0.46,0.44,0.0
931,19,21,5.0,1.0,2.0,0.46,0.47,0.1642
932,20,21,5.0,1.0,1.0,0.46,0.41,0.0896
933,21,21,5.0,1.0,1.0,0.46,0.47,0.2537
934,22,21,5.0,1.0,1.0,0.44,0.33,0.5224
935,23,21,5.0,1.0,1.0,0.42,0.38,0.4478
936,0,20,4.0,0.0,1.0,0.32,0.66,0.0896
937,1,20,4.0,0.0,1.0,0.28,0.65,0.0896
938,2,20,4.0,0.0,1.0,0.24,0.75,0.0896
939,3,20,4.0,0.0,1.0,0.24,0.75,0.1045
940,4,20,4.0,0.0,1.0,0.22,0.8,0.1343
941,5,20,4.0,0.0,1.0,0.24,0.75,0.1045
942,6,20,4.0,0.0,1.0,0.26,0.7,0.1045
943,7,20,4.0,0.0,1.0,0.22,0.75,0.1343
944,8,20,4.0,0.0,1.0,0.24,0.75,0.1343
945,9,20,4.0,0.0,1.0,0.3,0.65,0.0
946,10,20,4.0,0.0,1.0,0.36,0.57,0.1045
947,11,20,4.0,0.0,1.0,0.42,0.41,0.0896
948,12,18,4.0,0.0,1.0,0.44,0.35,0.0
949,13,20,4.0,0.0,1.0,0.46,0.31,0.0
950,14,21,4.0,0.0,1.0,0.48,0.29,0.0
951,15,21,4.0,0.0,1.0,0.48,0.29,0.0
952,16,21,4.0,0.0,1.0,0.46,0.33,0.0
953,17,21,4.0,0.0,1.0,0.44,0.35,0.0
954,18,21,4.0,0.0,1.0,0.4,0.43,0.0
955,19,21,4.0,0.0,1.0,0.36,0.76,0.0
956,20,21,4.0,0.0,1.0,0.34,0.71,0.0
957,21,21,4.0,0.0,1.0,0.34,0.61,0.0896
958,22,21,4.0,0.0,1.0,0.32,0.61,0.0
959,23,21,4.0,0.0,1.0,0.3,0.7,0.0
960,0,20,3.0,1.0,1.0,0.34,0.81,0.0
961,1,20,3.0,1.0,1.0,0.32,0.81,0.1045
962,2,20,3.0,1.0,1.0,0.28,0.87,0.1045
963,3,20,3.0,1.0,1.0,0.28,0.87,0.1045
964,4,20,3.0,1.0,1.0,0.28,0.87,0.1045
965,5,20,3.0,1.0,1.0,0.28,0.87,0.1045
966,6,20,3.0,1.0,1.0,0.28,0.87,0.0896
967,7,20,3.0,1.0,1.0,0.26,0.87,0.0896
968,8,20,3.0,1.0,2.0,0.28,0.81,0.0896
969,9,20,3.0,1.0,1.0,0.32,0.76,0.0896
970,10,20,3.0,1.0,1.0,0.36,0.62,0.0
971,11,20,3.0,1.0,1.0,0.4,0.5,0.19399999999999998
972,12,20,3.0,1.0,1.0,0.44,0.41,0.19399999999999998
973,13,20,3.0,1.0,1.0,0.44,0.35,0.2239
974,14,20,3.0,1.0,1.0,0.46,0.33,0.19399999999999998
975,15,20,3.0,1.0,1.0,0.46,0.36,0.0896
976,16,20,3.0,1.0,1.0,0.44,0.33,0.1343
977,17,20,3.0,1.0,1.0,0.4,0.4,0.1642
978,18,20,3.0,1.0,1.0,0.42,0.38,0.1045
979,19,20,3.0,1.0,1.0,0.38,0.43,0.19399999999999998
980,20,20,3.0,1.0,1.0,0.34,0.61,0.1045
981,21,20,3.0,1.0,1.0,0.36,0.5,0.0
982,22,20,3.0,1.0,1.0,0.34,0.49,0.0
983,23,20,3.0,1.0,1.0,0.32,0.61,0.0
984,0,20,2.0,1.0,1.0,0.32,0.7,0.1343
985,1,20,2.0,1.0,1.0,0.34,0.66,0.1045
986,2,20,2.0,1.0,2.0,0.32,0.76,0.0896
987,3,20,2.0,1.0,2.0,0.34,0.71,0.1045
988,4,20,2.0,1.0,2.0,0.34,0.66,0.19399999999999998
989,5,20,2.0,1.0,2.0,0.34,0.66,0.1343
990,6,20,2.0,1.0,2.0,0.34,0.71,0.1642
991,7,20,2.0,1.0,1.0,0.32,0.76,0.0896
992,8,20,2.0,1.0,1.0,0.34,0.71,0.1343
993,9,20,2.0,1.0,2.0,0.36,0.71,0.0
994,10,20,2.0,1.0,2.0,0.4,0.66,0.0896
995,11,20,2.0,1.0,2.0,0.42,0.67,0.0896
996,12,20,2.0,1.0,2.0,0.42,0.67,0.0
997,13,20,2.0,1.0,2.0,0.44,0.58,0.0
998,14,20,2.0,1.0,2.0,0.44,0.58,0.1045
999,15,20,2.0,1.0,2.0,0.46,0.55,0.1045
1000,16,20,2.0,1.0,2.0,0.42,0.62,0.0896
1001,17,20,2.0,1.0,2.0,0.4,0.71,0.1642
1002,18,22,2.0,1.0,2.0,0.4,0.66,0.0896
1003,19,22,2.0,1.0,2.0,0.4,0.71,0.0
1004,20,22,2.0,1.0,2.0,0.38,0.76,0.0
1005,21,22,2.0,1.0,1.0,0.36,0.71,0.0
1006,22,22,2.0,1.0,1.0,0.36,0.71,0.0
1007,23,22,2.0,1.0,1.0,0.32,0.81,0.1045
1008,0,20,1.0,1.0,1.0,0.36,0.66,0.2239
1009,1,20,1.0,1.0,2.0,0.36,0.66,0.2239
1010,2,20,1.0,1.0,2.0,0.36,0.66,0.2537
1011,3,20,1.0,1.0,2.0,0.36,0.66,0.2239
1012,4,20,1.0,1.0,2.0,0.36,0.66,0.2239
1013,5,20,1.0,1.0,2.0,0.36,0.66,0.2239
1014,6,20,1.0,1.0,2.0,0.36,0.66,0.2537
1015,7,21,1.0,1.0,2.0,0.36,0.66,0.2985
1016,8,21,1.0,1.0,2.0,0.36,0.66,0.2985
1017,9,21,1.0,1.0,2.0,0.36,0.66,0.2537
1018,10,21,1.0,1.0,2.0,0.36,0.66,0.2537
1019,11,21,1.0,1.0,2.0,0.38,0.66,0.2537
1020,12,21,1.0,1.0,2.0,0.4,0.62,0.2836
1021,13,21,1.0,1.0,1.0,0.44,0.54,0.2537
1022,14,21,1.0,1.0,1.0,0.44,0.54,0.2537
1023,15,21,1.0,1.0,1.0,0.44,0.54,0.194
1024,16,22,1.0,1.0,1.0,0.42,0.58,0.2537
1025,17,22,1.0,1.0,2.0,0.42,0.58,0.194
1026,18,23,1.0,1.0,2.0,0.4,0.58,0.2537
1027,19,23,1.0,1.0,2.0,0.4,0.58,0.2836
1028,20,23,1.0,1.0,2.0,0.38,0.62,0.2537
1029,21,23,1.0,1.0,2.0,0.38,0.54,0.2239
1030,22,23,1.0,1.0,1.0,0.34,0.66,0.1045
1031,23,23,1.0,1.0,1.0,0.34,0.66,0.1045
1032,0,20,0.0,0.0,2.0,0.3,0.7,0.1642
1033,1,20,0.0,0.0,1.0,0.3,0.7,0.194
1034,2,20,0.0,0.0,1.0,0.28,0.81,0.1045
1035,3,20,0.0,0.0,2.0,0.3,0.81,0.1642
1036,4,20,0.0,0.0,2.0,0.3,0.81,0.194
1037,5,20,0.0,0.0,1.0,0.28,0.81,0.1343
1038,6,20,0.0,0.0,1.0,0.28,0.81,0.1642
1039,7,20,0.0,0.0,1.0,0.28,0.81,0.194
1040,8,20,0.0,0.0,1.0,0.3,0.75,0.2537
1041,9,20,0.0,0.0,1.0,0.32,0.7,0.2537
1042,10,20,0.0,0.0,1.0,0.34,0.66,0.2985
1043,11,20,0.0,0.0,1.0,0.38,0.62,0.2836
1044,12,19,0.0,0.0,1.0,0.4,0.62,0.2836
1045,13,19,0.0,0.0,1.0,0.4,0.62,0.3284
1046,14,19,0.0,0.0,1.0,0.4,0.62,0.2985
1047,15,19,0.0,0.0,1.0,0.42,0.54,0.2836
1048,16,19,0.0,0.0,2.0,0.4,0.62,0.3284
1049,17,19,0.0,0.0,2.0,0.38,0.66,0.2537
1050,18,19,0.0,0.0,1.0,0.36,0.66,0.2239
1051,19,19,0.0,0.0,1.0,0.36,0.66,0.1642
1052,20,19,0.0,0.0,1.0,0.36,0.66,0.1642
1053,21,19,0.0,0.0,1.0,0.36,0.66,0.2537
1054,22,19,0.0,0.0,2.0,0.36,0.66,0.2537
1055,23,19,0.0,0.0,1.0,0.36,0.66,0.2239
1056,0,20,6.0,0.0,1.0,0.3,0.52,0.1642
1057,1,20,6.0,0.0,1.0,0.26,0.6,0.194
1058,2,20,6.0,0.0,1.0,0.26,0.65,0.194
1059,3,20,6.0,0.0,1.0,0.26,0.65,0.194
1060,4,20,6.0,0.0,1.0,0.24,0.7,0.194
1061,5,20,6.0,0.0,1.0,0.24,0.7,0.1642
1062,6,20,6.0,0.0,1.0,0.24,0.7,0.2239
1063,7,20,6.0,0.0,1.0,0.24,0.7,0.194
1064,8,20,6.0,0.0,1.0,0.26,0.65,0.2239
1065,9,20,6.0,0.0,1.0,0.34,0.49,0.2239
1066,10,20,6.0,0.0,1.0,0.36,0.46,0.2537
1067,11,20,6.0,0.0,1.0,0.38,0.43,0.194
1068,12,20,6.0,0.0,1.0,0.4,0.4,0.1642
1069,13,20,6.0,0.0,1.0,0.42,0.38,0.2537
1070,14,20,6.0,0.0,1.0,0.42,0.38,0.194
1071,15,20,6.0,0.0,1.0,0.42,0.35,0.2985
1072,16,21,6.0,0.0,1.0,0.4,0.4,0.2239
1073,17,21,6.0,0.0,1.0,0.38,0.4,0.1642
1074,18,21,6.0,0.0,1.0,0.36,0.5,0.1045
1075,19,21,6.0,0.0,1.0,0.34,0.53,0.0896
1076,20,21,6.0,0.0,2.0,0.34,0.66,0.0896
1077,21,21,6.0,0.0,2.0,0.32,0.57,0.1045
1078,22,21,6.0,0.0,2.0,0.32,0.57,0.1045
1079,23,21,6.0,0.0,2.0,0.3,0.7,0.1045
1080,0,20,5.0,1.0,2.0,0.32,0.66,0.1045
1081,1,20,5.0,1.0,2.0,0.3,0.65,0.0896
1082,2,20,5.0,1.0,2.0,0.3,0.7,0.1642
1083,3,20,5.0,1.0,2.0,0.3,0.65,0.1343
1084,4,20,5.0,1.0,2.0,0.3,0.65,0.1045
1085,5,20,5.0,1.0,2.0,0.3,0.65,0.0896
1086,6,20,5.0,1.0,2.0,0.3,0.61,0.0896
1087,7,20,5.0,1.0,2.0,0.3,0.61,0.1642
1088,8,20,5.0,1.0,2.0,0.32,0.57,0.1343
1089,9,20,5.0,1.0,1.0,0.34,0.53,0.1045
1090,10,20,5.0,1.0,1.0,0.34,0.53,0.194
1091,11,19,5.0,1.0,1.0,0.38,0.43,0.2239
1092,12,19,5.0,1.0,1.0,0.4,0.43,0.2836
1093,13,19,5.0,1.0,1.0,0.42,0.38,0.194
1094,14,19,5.0,1.0,1.0,0.42,0.35,0.1045
1095,15,19,5.0,1.0,1.0,0.42,0.38,0.1343
1096,16,19,5.0,1.0,1.0,0.42,0.35,0.2836
1097,17,21,5.0,1.0,1.0,0.36,0.46,0.194
1098,18,21,5.0,1.0,1.0,0.34,0.53,0.1642
1099,19,21,5.0,1.0,1.0,0.36,0.46,0.2239
1100,20,21,5.0,1.0,1.0,0.36,0.46,0.2537
1101,21,21,5.0,1.0,1.0,0.34,0.49,0.194
1102,22,21,5.0,1.0,1.0,0.32,0.53,0.2537
1103,23,21,5.0,1.0,1.0,0.32,0.53,0.2239
1104,0,20,4.0,1.0,2.0,0.26,0.65,0.0
1105,1,20,4.0,1.0,2.0,0.26,0.65,0.1045
1106,2,20,4.0,1.0,2.0,0.26,0.7,0.1642
1107,3,20,4.0,1.0,2.0,0.26,0.7,0.0896
1108,4,20,4.0,1.0,2.0,0.28,0.65,0.1343
1109,5,20,4.0,1.0,2.0,0.3,0.61,0.2239
1110,6,20,4.0,1.0,2.0,0.3,0.65,0.2537
1111,7,20,4.0,1.0,2.0,0.3,0.65,0.194
1112,8,20,4.0,1.0,2.0,0.3,0.61,0.2239
1113,9,20,4.0,1.0,2.0,0.32,0.61,0.194
1114,10,20,4.0,1.0,2.0,0.32,0.66,0.1343
1115,11,20,4.0,1.0,2.0,0.34,0.61,0.1343
1116,12,20,4.0,1.0,2.0,0.36,0.62,0.1045
1117,13,20,4.0,1.0,2.0,0.38,0.54,0.1045
1118,14,20,4.0,1.0,2.0,0.38,0.54,0.1642
1119,15,20,4.0,1.0,2.0,0.38,0.58,0.1642
1120,16,19,4.0,1.0,2.0,0.36,0.57,0.194
1121,17,21,4.0,1.0,2.0,0.36,0.57,0.2239
1122,18,21,4.0,1.0,2.0,0.36,0.57,0.194
1123,19,21,4.0,1.0,2.0,0.34,0.61,0.1343
1124,20,21,4.0,1.0,1.0,0.34,0.61,0.1045
1125,21,21,4.0,1.0,2.0,0.32,0.66,0.1045
1126,22,21,4.0,1.0,2.0,0.32,0.66,0.1642
1127,23,21,4.0,1.0,2.0,0.32,0.61,0.1642
1128,0,20,3.0,1.0,1.0,0.26,0.56,0.2836
1129,1,20,3.0,1.0,1.0,0.24,0.6,0.2985
1130,2,20,3.0,1.0,1.0,0.24,0.6,0.2985
1131,3,20,3.0,1.0,1.0,0.24,0.65,0.2239
1132,4,20,3.0,1.0,1.0,0.22,0.69,0.194
1133,5,20,3.0,1.0,1.0,0.22,0.69,0.194
1134,6,20,3.0,1.0,1.0,0.24,0.65,0.194
1135,7,20,3.0,1.0,1.0,0.24,0.65,0.2836
1136,8,20,3.0,1.0,1.0,0.28,0.56,0.2985
1137,9,20,3.0,1.0,1.0,0.3,0.52,0.3881
1138,10,20,3.0,1.0,1.0,0.32,0.45,0.3582
1139,11,20,3.0,1.0,1.0,0.32,0.49,0.2537
1140,12,20,3.0,1.0,1.0,0.34,0.46,0.0
1141,13,20,3.0,1.0,1.0,0.36,0.43,0.2537
1142,14,20,3.0,1.0,1.0,0.36,0.43,0.1343
1143,15,20,3.0,1.0,1.0,0.36,0.43,0.2836
1144,16,20,3.0,1.0,1.0,0.34,0.46,0.1045
1145,17,21,3.0,1.0,1.0,0.32,0.49,0.194
1146,18,22,3.0,1.0,1.0,0.32,0.53,0.1642
1147,19,22,3.0,1.0,1.0,0.3,0.52,0.1642
1148,20,22,3.0,1.0,1.0,0.3,0.52,0.0896
1149,21,22,3.0,1.0,1.0,0.3,0.56,0.0
1150,22,22,3.0,1.0,1.0,0.28,0.61,0.0
1151,23,22,3.0,1.0,1.0,0.24,0.7,0.1343
1152,0,20,2.0,1.0,2.0,0.52,0.83,0.2836
1153,1,20,2.0,1.0,3.0,0.44,0.88,0.6418
1154,2,20,2.0,1.0,3.0,0.36,0.87,0.4478
1155,3,22,2.0,1.0,3.0,0.36,0.87,0.3582
1156,4,22,2.0,1.0,2.0,0.36,0.81,0.3881
1157,5,22,2.0,1.0,2.0,0.34,0.87,0.2836
1158,6,22,2.0,1.0,3.0,0.32,0.81,0.4627
1159,7,22,2.0,1.0,3.0,0.32,0.87,0.2537
1160,8,22,2.0,1.0,3.0,0.32,0.87,0.2537
1161,9,22,2.0,1.0,3.0,0.32,0.81,0.3284
1162,10,22,2.0,1.0,3.0,0.3,0.75,0.3881
1163,11,22,2.0,1.0,1.0,0.32,0.7,0.2537
1164,12,22,2.0,1.0,1.0,0.34,0.61,0.2836
1165,13,22,2.0,1.0,1.0,0.34,0.53,0.2537
1166,14,22,2.0,1.0,1.0,0.38,0.46,0.3881
1167,15,21,2.0,1.0,1.0,0.4,0.4,0.2985
1168,16,22,2.0,1.0,1.0,0.38,0.4,0.2985
1169,17,24,2.0,1.0,1.0,0.34,0.49,0.3582
1170,18,25,2.0,1.0,1.0,0.34,0.49,0.2836
1171,19,25,2.0,1.0,1.0,0.32,0.49,0.3582
1172,20,25,2.0,1.0,1.0,0.3,0.49,0.3582
1173,21,25,2.0,1.0,1.0,0.3,0.49,0.3582
1174,22,25,2.0,1.0,1.0,0.26,0.56,0.3284
1175,23,25,2.0,1.0,1.0,0.26,0.56,0.2985
1176,0,20,1.0,0.0,1.0,0.42,0.71,0.1045
1177,1,20,1.0,0.0,1.0,0.4,0.76,0.1642
1178,2,20,1.0,0.0,1.0,0.4,0.76,0.1343
1179,3,20,1.0,0.0,1.0,0.4,0.76,0.1343
1180,4,20,1.0,0.0,1.0,0.4,0.76,0.0896
1181,5,20,1.0,0.0,1.0,0.38,0.87,0.0
1182,6,20,1.0,0.0,1.0,0.38,0.87,0.1045
1183,7,20,1.0,0.0,1.0,0.4,0.87,0.0
1184,8,20,1.0,0.0,1.0,0.42,0.82,0.1642
1185,9,20,1.0,0.0,1.0,0.44,0.88,0.1045
1186,10,20,1.0,0.0,1.0,0.48,0.77,0.1642
1187,11,20,1.0,0.0,1.0,0.52,0.72,0.1642
1188,12,20,1.0,0.0,1.0,0.56,0.64,0.2239
1189,13,20,1.0,0.0,1.0,0.6,0.6,0.2239
1190,14,20,1.0,0.0,1.0,0.58,0.6,0.2836
1191,15,20,1.0,0.0,1.0,0.56,0.64,0.2537
1192,16,19,1.0,0.0,1.0,0.56,0.64,0.1642
1193,17,19,1.0,0.0,1.0,0.56,0.64,0.2836
1194,18,19,1.0,0.0,1.0,0.52,0.72,0.1343
1195,19,18,1.0,0.0,1.0,0.54,0.73,0.2836
1196,20,18,1.0,0.0,2.0,0.52,0.77,0.2836
1197,21,18,1.0,0.0,3.0,0.54,0.73,0.2239
1198,22,18,1.0,0.0,1.0,0.52,0.77,0.2537
1199,23,18,1.0,0.0,2.0,0.54,0.77,0.2239
1200,0,20,0.0,0.0,1.0,0.34,0.81,0.0896
1201,1,19,0.0,0.0,1.0,0.34,0.76,0.0896
1202,2,19,0.0,0.0,1.0,0.32,0.87,0.1045
1203,3,19,0.0,0.0,1.0,0.34,0.81,0.0
1204,4,19,0.0,0.0,1.0,0.32,0.81,0.1045
1205,5,19,0.0,0.0,1.0,0.3,0.87,0.1343
1206,6,19,0.0,0.0,1.0,0.3,0.87,0.0896
1207,7,19,0.0,0.0,1.0,0.3,0.89,0.0896
1208,8,19,0.0,0.0,1.0,0.32,0.87,0.1045
1209,9,19,0.0,0.0,1.0,0.36,0.77,0.0
1210,10,19,0.0,0.0,1.0,0.4,0.69,0.1045
1211,11,19,0.0,0.0,1.0,0.46,0.59,0.1343
1212,12,17,0.0,0.0,1.0,0.5,0.48,0.0896
1213,13,17,0.0,0.0,1.0,0.54,0.45,0.1045
1214,14,17,0.0,0.0,1.0,0.6,0.33,0.1642
1215,15,15,0.0,0.0,1.0,0.56,0.37,0.2239
1216,16,15,0.0,0.0,1.0,0.54,0.42,0.2239
1217,17,18,0.0,0.0,1.0,0.54,0.45,0.1642
1218,18,18,0.0,0.0,1.0,0.52,0.45,0.1343
1219,19,18,0.0,0.0,1.0,0.48,0.55,0.1343
1220,20,18,0.0,0.0,1.0,0.44,0.62,0.1642
1221,21,18,0.0,0.0,1.0,0.44,0.67,0.2239
1222,22,18,0.0,0.0,1.0,0.42,0.71,0.194
1223,23,18,0.0,0.0,1.0,0.42,0.71,0.194
1224,0,20,6.0,0.0,1.0,0.32,0.76,0.0896
1225,1,20,6.0,0.0,1.0,0.3,0.81,0.0896
1226,2,20,6.0,0.0,1.0,0.32,0.81,0.0
1227,3,20,6.0,0.0,1.0,0.3,0.81,0.0
1228,4,20,6.0,0.0,1.0,0.26,0.87,0.1045
1229,5,20,6.0,0.0,1.0,0.28,0.87,0.0
1230,6,20,6.0,0.0,1.0,0.24,0.93,0.0896
1231,7,20,6.0,0.0,1.0,0.26,0.87,0.1045
1232,8,20,6.0,0.0,1.0,0.32,0.76,0.0
1233,9,20,6.0,0.0,1.0,0.36,0.66,0.194
1234,10,20,6.0,0.0,1.0,0.4,0.58,0.0
1235,11,20,6.0,0.0,1.0,0.4,0.58,0.1045
1236,12,17,6.0,0.0,1.0,0.48,0.48,0.0
1237,13,17,6.0,0.0,1.0,0.52,0.39,0.0
1238,14,16,6.0,0.0,1.0,0.54,0.37,0.0
1239,15,16,6.0,0.0,1.0,0.52,0.45,0.0
1240,16,16,6.0,0.0,1.0,0.54,0.37,0.0
1241,17,16,6.0,0.0,1.0,0.5,0.45,0.194
1242,18,17,6.0,0.0,1.0,0.44,0.54,0.1343
1243,19,17,6.0,0.0,1.0,0.46,0.51,0.0896
1244,20,17,6.0,0.0,1.0,0.44,0.54,0.0
1245,21,17,6.0,0.0,1.0,0.4,0.66,0.0
1246,22,17,6.0,0.0,1.0,0.38,0.71,0.0896
1247,23,17,6.0,0.0,1.0,0.36,0.71,0.1045
1248,0,20,5.0,1.0,1.0,0.34,0.49,0.3284
1249,1,20,5.0,1.0,1.0,0.32,0.53,0.2836
1250,2,20,5.0,1.0,1.0,0.32,0.53,0.2537
1251,3,20,5.0,1.0,1.0,0.32,0.53,0.4179
1252,4,20,5.0,1.0,1.0,0.32,0.53,0.3582
1253,5,20,5.0,1.0,1.0,0.3,0.56,0.194
1254,6,20,5.0,1.0,1.0,0.26,0.65,0.1045
1255,7,20,5.0,1.0,1.0,0.26,0.65,0.1343
1256,8,19,5.0,1.0,1.0,0.32,0.57,0.1642
1257,9,19,5.0,1.0,1.0,0.34,0.53,0.4179
1258,10,19,5.0,1.0,1.0,0.36,0.5,0.3284
1259,11,19,5.0,1.0,1.0,0.4,0.47,0.2985
1260,12,19,5.0,1.0,1.0,0.44,0.41,0.3284
1261,13,19,5.0,1.0,1.0,0.46,0.38,0.2985
1262,14,19,5.0,1.0,1.0,0.46,0.38,0.194
1263,15,19,5.0,1.0,1.0,0.46,0.36,0.2239
1264,16,19,5.0,1.0,1.0,0.46,0.38,0.1642
1265,17,20,5.0,1.0,1.0,0.42,0.44,0.1343
1266,18,20,5.0,1.0,1.0,0.42,0.44,0.1045
1267,19,20,5.0,1.0,1.0,0.34,0.71,0.0896
1268,20,20,5.0,1.0,1.0,0.36,0.66,0.1343
1269,21,20,5.0,1.0,1.0,0.34,0.76,0.0
1270,22,20,5.0,1.0,1.0,0.34,0.71,0.1045
1271,23,20,5.0,1.0,1.0,0.32,0.81,0.0896
1272,0,20,4.0,1.0,3.0,0.28,0.61,0.2239
1273,1,20,4.0,1.0,3.0,0.3,0.52,0.3582
1274,2,20,4.0,1.0,2.0,0.3,0.49,0.2239
1275,3,20,4.0,1.0,2.0,0.3,0.45,0.2836
1276,4,20,4.0,1.0,2.0,0.3,0.42,0.2239
1277,5,20,4.0,1.0,1.0,0.3,0.39,0.2239
1278,6,20,4.0,1.0,1.0,0.28,0.36,0.3881
1279,7,20,4.0,1.0,1.0,0.3,0.33,0.2836
1280,8,20,4.0,1.0,1.0,0.32,0.31,0.3582
1281,9,18,4.0,1.0,1.0,0.32,0.31,0.3284
1282,10,18,4.0,1.0,1.0,0.36,0.29,0.3881
1283,11,18,4.0,1.0,1.0,0.4,0.24,0.4925
1284,12,17,4.0,1.0,1.0,0.44,0.18,0.4179
1285,13,17,4.0,1.0,1.0,0.44,0.18,0.4179
1286,14,17,4.0,1.0,1.0,0.44,0.18,0.4179
1287,15,17,4.0,1.0,1.0,0.42,0.16,0.3881
1288,16,17,4.0,1.0,1.0,0.4,0.2,0.2985
1289,17,18,4.0,1.0,1.0,0.4,0.24,0.4179
1290,18,18,4.0,1.0,1.0,0.38,0.27,0.3582
1291,19,18,4.0,1.0,1.0,0.38,0.29,0.4627
1292,20,18,4.0,1.0,1.0,0.36,0.37,0.3881
1293,21,18,4.0,1.0,1.0,0.34,0.42,0.2985
1294,22,18,4.0,1.0,1.0,0.34,0.46,0.3582
1295,23,18,,,,,,
1296,0,20,3.0,1.0,2.0,0.3,0.56,0.2836
1297,1,20,3.0,1.0,2.0,0.28,0.61,0.2537
1298,2,20,3.0,1.0,2.0,0.28,0.56,0.2985
1299,3,20,3.0,1.0,2.0,0.28,0.52,0.3284
1300,4,20,3.0,1.0,2.0,0.28,0.52,0.2985
1301,5,20,3.0,1.0,2.0,0.28,0.52,0.3284
1302,6,20,3.0,1.0,2.0,0.26,0.56,0.2836
1303,7,20,3.0,1.0,2.0,0.26,0.56,0.2985
1304,8,20,3.0,1.0,2.0,0.26,0.6,0.2836
1305,9,20,3.0,1.0,2.0,0.26,0.6,0.2836
1306,10,20,3.0,1.0,2.0,0.28,0.56,0.2985
1307,11,20,3.0,1.0,2.0,0.32,0.51,0.3582
1308,12,20,3.0,1.0,2.0,0.32,0.53,0.2836
1309,13,20,3.0,1.0,2.0,0.32,0.53,0.2537
1310,14,20,3.0,1.0,2.0,0.32,0.53,0.3582
1311,15,20,3.0,1.0,2.0,0.32,0.53,0.2985
1312,16,20,3.0,1.0,2.0,0.32,0.53,0.3582
1313,17,20,3.0,1.0,2.0,0.32,0.53,0.3881
1314,18,20,3.0,1.0,2.0,0.32,0.53,0.3582
1315,19,20,3.0,1.0,2.0,0.3,0.56,0.2985
1316,20,20,3.0,1.0,2.0,0.32,0.49,0.3284
1317,21,20,3.0,1.0,2.0,0.32,0.49,0.2985
1318,22,20,3.0,1.0,3.0,0.3,0.56,0.2537
1319,23,20,3.0,1.0,3.0,0.28,0.65,0.2239
1320,0,20,2.0,1.0,1.0,0.24,0.6,0.1045
1321,1,20,2.0,1.0,1.0,0.24,0.6,0.1642
1322,2,20,2.0,1.0,1.0,0.24,0.65,0.0896
1323,3,20,2.0,1.0,1.0,0.22,0.64,0.1045
1324,4,20,2.0,1.0,1.0,0.22,0.69,0.0896
1325,5,20,2.0,1.0,2.0,0.22,0.64,0.194
1326,6,20,2.0,1.0,1.0,0.22,0.69,0.1343
1327,7,20,2.0,1.0,1.0,0.2,0.69,0.1642
1328,8,20,2.0,1.0,1.0,0.22,0.69,0.1642
1329,9,20,2.0,1.0,1.0,0.26,0.6,0.1642
1330,10,20,2.0,1.0,1.0,0.3,0.49,0.194
1331,11,20,2.0,1.0,1.0,0.32,0.45,0.1343
1332,12,20,2.0,1.0,1.0,0.32,0.45,0.1343
1333,13,21,2.0,1.0,1.0,0.34,0.46,0.1343
1334,14,21,2.0,1.0,1.0,0.36,0.4,0.1045
1335,15,21,2.0,1.0,1.0,0.34,0.46,0.2537
1336,16,20,2.0,1.0,1.0,0.34,0.46,0.1642
1337,17,21,2.0,1.0,1.0,0.32,0.53,0.2239
1338,18,21,2.0,1.0,1.0,0.32,0.57,0.2985
1339,19,21,2.0,1.0,1.0,0.3,0.56,0.2239
1340,20,21,2.0,1.0,1.0,0.3,0.61,0.2239
1341,21,21,2.0,1.0,2.0,0.3,0.56,0.2537
1342,22,21,2.0,1.0,2.0,0.3,0.56,0.2239
1343,23,21,2.0,1.0,1.0,0.3,0.56,0.2239
1344,0,20,1.0,1.0,2.0,0.3,0.56,0.194
1345,1,20,1.0,1.0,2.0,0.3,0.56,0.1642
1346,2,20,1.0,1.0,2.0,0.3,0.56,0.1642
1347,3,20,1.0,1.0,2.0,0.3,0.56,0.2239
1348,4,20,1.0,1.0,2.0,0.3,0.52,0.2537
1349,5,20,1.0,1.0,2.0,0.3,0.52,0.3284
1350,6,20,1.0,1.0,2.0,0.3,0.49,0.2836
1351,7,20,1.0,1.0,2.0,0.3,0.49,0.2537
1352,8,20,1.0,1.0,2.0,0.3,0.49,0.2239
1353,9,20,1.0,1.0,2.0,0.3,0.52,0.2836
1354,10,20,1.0,1.0,1.0,0.32,0.49,0.2836
1355,11,20,1.0,1.0,1.0,0.34,0.46,0.2239
1356,12,20,1.0,1.0,1.0,0.36,0.43,0.3284
1357,13,20,1.0,1.0,1.0,0.36,0.4,0.2537
1358,14,20,1.0,1.0,1.0,0.38,0.4,0.1642
1359,15,20,1.0,1.0,1.0,0.38,0.4,0.2836
1360,16,19,1.0,1.0,1.0,0.36,0.43,0.2836
1361,17,20,1.0,1.0,1.0,0.34,0.46,0.2239
1362,18,20,1.0,1.0,1.0,0.34,0.46,0.2239
1363,19,20,1.0,1.0,1.0,0.32,0.49,0.1642
1364,20,20,1.0,1.0,1.0,0.32,0.49,0.2537
1365,21,20,1.0,1.0,1.0,0.3,0.52,0.2836
1366,22,20,1.0,1.0,1.0,0.28,0.56,0.194
1367,23,20,1.0,1.0,1.0,0.26,0.6,0.1343
1368,0,20,0.0,0.0,1.0,0.3,0.61,0.1045
1369,1,20,0.0,0.0,1.0,0.26,0.81,0.0896
1370,2,20,0.0,0.0,1.0,0.3,0.65,0.0
1371,3,20,0.0,0.0,1.0,0.28,0.61,0.1045
1372,4,20,0.0,0.0,1.0,0.26,0.65,0.1343
1373,5,20,0.0,0.0,1.0,0.26,0.65,0.1045
1374,6,20,0.0,0.0,1.0,0.28,0.61,0.1343
1375,7,19,0.0,0.0,1.0,0.26,0.65,0.1045
1376,8,19,0.0,0.0,1.0,0.3,0.56,0.1343
1377,9,19,0.0,0.0,1.0,0.32,0.53,0.0
1378,10,19,0.0,0.0,1.0,0.34,0.49,0.194
1379,11,18,0.0,0.0,1.0,0.38,0.46,0.2239
1380,12,19,0.0,0.0,1.0,0.38,0.46,0.2239
1381,13,19,0.0,0.0,1.0,0.4,0.43,0.2239
1382,14,19,0.0,0.0,1.0,0.4,0.4,0.194
1383,15,19,0.0,0.0,1.0,0.4,0.4,0.2239
1384,16,19,0.0,0.0,1.0,0.4,0.4,0.3284
1385,17,19,0.0,0.0,1.0,0.36,0.43,0.194
1386,18,19,0.0,0.0,1.0,0.36,0.43,0.2239
1387,19,19,0.0,0.0,1.0,0.36,0.43,0.2537
1388,20,19,0.0,0.0,1.0,0.32,0.53,0.3582
1389,21,19,0.0,0.0,1.0,0.3,0.52,0.2985
1390,22,19,0.0,0.0,1.0,0.3,0.52,0.2836
1391,23,19,0.0,0.0,2.0,0.3,0.56,0.1642
1392,0,20,6.0,0.0,1.0,0.34,0.53,0.1642
1393,1,20,6.0,0.0,2.0,0.34,0.49,0.3284
1394,2,20,6.0,0.0,2.0,0.34,0.49,0.2537
1395,3,20,6.0,0.0,2.0,0.34,0.49,0.2537
1396,4,20,6.0,0.0,2.0,0.32,0.49,0.2985
1397,5,20,6.0,0.0,2.0,0.32,0.49,0.2537
1398,6,20,6.0,0.0,2.0,0.32,0.49,0.194
1399,7,20,6.0,0.0,2.0,0.32,0.49,0.2537
1400,8,20,6.0,0.0,2.0,0.34,0.46,0.2985
1401,9,20,6.0,0.0,2.0,0.34,0.49,0.2985
1402,10,20,6.0,0.0,1.0,0.36,0.46,0.3881
1403,11,20,6.0,0.0,2.0,0.36,0.46,0.3881
1404,12,20,6.0,0.0,2.0,0.36,0.46,0.4627
1405,13,20,6.0,0.0,2.0,0.36,0.46,0.3582
1406,14,20,6.0,0.0,2.0,0.36,0.5,0.3284
1407,15,20,6.0,0.0,2.0,0.36,0.46,0.4478
1408,16,20,6.0,0.0,2.0,0.36,0.46,0.3284
1409,17,20,6.0,0.0,2.0,0.36,0.46,0.2985
1410,18,20,6.0,0.0,2.0,0.36,0.46,0.2836
1411,19,20,6.0,0.0,1.0,0.36,0.5,0.1642
1412,20,20,6.0,0.0,1.0,0.34,0.53,0.1343
1413,21,20,6.0,0.0,1.0,0.34,0.53,0.1045
1414,22,20,6.0,0.0,1.0,0.32,0.57,0.1045
1415,23,20,6.0,0.0,1.0,0.32,0.57,0.1045
1416,0,20,5.0,1.0,1.0,0.34,0.57,0.1642
1417,1,20,5.0,1.0,1.0,0.32,0.66,0.1642
1418,2,20,5.0,1.0,1.0,0.32,0.66,0.1642
1419,3,20,5.0,1.0,1.0,0.3,0.7,0.1642
1420,4,20,5.0,1.0,1.0,0.3,0.7,0.1045
1421,5,20,5.0,1.0,2.0,0.32,0.66,0.1642
1422,6,20,5.0,1.0,1.0,0.3,0.7,0.1642
1423,7,20,5.0,1.0,2.0,0.3,0.7,0.1343
1424,8,20,5.0,1.0,1.0,0.32,0.57,0.1045
1425,9,20,5.0,1.0,1.0,0.34,0.53,0.1045
1426,10,19,5.0,1.0,1.0,0.38,0.46,0.2985
1427,11,19,5.0,1.0,1.0,0.42,0.41,0.4179
1428,12,20,5.0,1.0,1.0,0.42,0.41,0.3582
1429,13,20,5.0,1.0,1.0,0.4,0.43,0.3582
1430,14,20,5.0,1.0,2.0,0.4,0.4,0.4925
1431,15,20,5.0,1.0,2.0,0.4,0.4,0.4179
1432,16,20,5.0,1.0,1.0,0.38,0.4,0.3284
1433,17,22,5.0,1.0,1.0,0.38,0.4,0.3284
1434,18,22,5.0,1.0,2.0,0.38,0.43,0.3284
1435,19,22,5.0,1.0,2.0,0.38,0.43,0.2985
1436,20,22,5.0,1.0,2.0,0.36,0.46,0.4179
1437,21,22,5.0,1.0,2.0,0.36,0.46,0.3582
1438,22,22,5.0,1.0,1.0,0.36,0.46,0.2537
1439,23,22,5.0,1.0,1.0,0.34,0.53,0.2985
1440,0,20,4.0,1.0,1.0,0.36,0.57,0.0896
1441,1,20,4.0,1.0,1.0,0.3,0.75,0.1045
1442,2,20,4.0,1.0,1.0,0.32,0.66,0.1343
1443,3,20,4.0,1.0,1.0,0.34,0.61,0.1343
1444,4,20,4.0,1.0,2.0,0.34,0.66,0.1045
1445,5,20,4.0,1.0,1.0,0.34,0.66,0.1343
1446,6,20,4.0,1.0,1.0,0.34,0.61,0.1642
1447,7,20,4.0,1.0,2.0,0.36,0.57,0.1642
1448,8,19,4.0,1.0,2.0,0.36,0.56,0.1045
1449,9,19,4.0,1.0,3.0,0.36,0.57,0.1045
1450,10,19,4.0,1.0,3.0,0.36,0.62,0.194
1451,11,19,4.0,1.0,3.0,0.36,0.62,0.194
1452,12,18,4.0,1.0,3.0,0.38,0.62,0.1642
1453,13,19,4.0,1.0,2.0,0.4,0.58,0.1642
1454,14,19,4.0,1.0,2.0,0.4,0.5,0.2239
1455,15,19,4.0,1.0,2.0,0.4,0.54,0.1642
1456,16,19,4.0,1.0,2.0,0.4,0.54,0.1642
1457,17,20,4.0,1.0,3.0,0.4,0.5,0.2239
1458,18,20,4.0,1.0,2.0,0.4,0.5,0.1642
1459,19,21,4.0,1.0,2.0,0.4,0.5,0.1642
1460,20,21,4.0,1.0,2.0,0.38,0.54,0.2537
1461,21,21,4.0,1.0,2.0,0.38,0.54,0.1343
1462,22,21,4.0,1.0,1.0,0.36,0.57,0.1642
1463,23,21,4.0,1.0,1.0,0.34,0.57,0.1642
1464,0,20,3.0,1.0,2.0,0.3,0.81,0.1045
1465,1,20,3.0,1.0,2.0,0.3,0.81,0.0896
1466,2,20,3.0,1.0,2.0,0.3,0.81,0.1343
1467,3,20,3.0,1.0,2.0,0.3,0.81,0.1045
1468,4,20,3.0,1.0,2.0,0.3,0.87,0.19399999999999998
1469,5,20,3.0,1.0,2.0,0.3,0.81,0.1343
1470,6,20,3.0,1.0,1.0,0.3,0.81,0.1642
1471,7,20,3.0,1.0,2.0,0.3,0.87,0.1343
1472,8,20,3.0,1.0,1.0,0.32,0.81,0.1343
1473,9,20,3.0,1.0,1.0,0.34,0.76,0.1343
1474,10,18,3.0,1.0,1.0,0.36,0.71,0.2836
1475,11,18,3.0,1.0,2.0,0.36,0.66,0.2239
1476,12,18,3.0,1.0,1.0,0.4,0.58,0.19399999999999998
1477,13,18,3.0,1.0,1.0,0.42,0.5,0.2239
1478,14,18,3.0,1.0,2.0,0.42,0.5,0.2239
1479,15,18,3.0,1.0,1.0,0.42,0.54,0.1642
1480,16,18,3.0,1.0,2.0,0.42,0.54,0.2239
1481,17,17,3.0,1.0,2.0,0.4,0.58,0.1642
1482,18,17,3.0,1.0,2.0,0.4,0.58,0.1642
1483,19,18,3.0,1.0,2.0,0.4,0.5,0.19399999999999998
1484,20,18,3.0,1.0,2.0,0.4,0.5,0.19399999999999998
1485,21,18,3.0,1.0,2.0,0.4,0.5,0.19399999999999998
1486,22,18,3.0,1.0,1.0,0.36,0.57,0.1343
1487,23,18,3.0,1.0,1.0,0.36,0.57,0.0896
1488,0,20,2.0,1.0,3.0,0.3,0.81,0.3582
1489,1,20,2.0,1.0,3.0,0.3,0.81,0.3582
1490,2,20,2.0,1.0,3.0,0.3,0.87,0.2537
1491,3,20,2.0,1.0,3.0,0.3,0.87,0.2537
1492,4,20,2.0,1.0,3.0,0.3,0.87,0.2239
1493,5,20,2.0,1.0,3.0,0.3,0.87,0.1343
1494,6,20,2.0,1.0,2.0,0.5,0.68,0.19399999999999998
1495,7,20,2.0,1.0,2.0,0.3,0.81,0.19399999999999998
1496,8,20,2.0,1.0,2.0,0.3,0.87,0.1045
1497,9,20,2.0,1.0,1.0,0.3,0.81,0.1343
1498,10,20,2.0,1.0,1.0,0.3,0.81,0.1343
1499,11,20,,,,,,
1500,12,20,,,,,,
1501,13,20,,,,,,
1502,14,20,,,,,,
1503,15,20,,,,,,
1504,16,20,,,,,,
1505,17,20,,,,,,
1506,18,20,,,,,,
1507,19,20,,,,,,
1508,20,20,,,,,,
1509,21,20,,,,,,
1510,22,20,,,,,,
1511,23,20,,,,,,
1512,0,20,0.0,0.0,3.0,0.52,0.68,0.2985
1513,1,20,0.0,0.0,2.0,0.5,0.72,0.2836
1514,2,20,0.0,0.0,2.0,0.5,0.68,0.2985
1515,3,20,0.0,0.0,2.0,0.5,0.63,0.3284
1516,4,20,0.0,0.0,2.0,0.5,0.63,0.3582
1517,5,20,0.0,0.0,2.0,0.5,0.63,0.2985
1518,6,20,0.0,0.0,2.0,0.5,0.59,0.3284
1519,7,20,0.0,0.0,2.0,0.5,0.59,0.2985
1520,8,20,0.0,0.0,2.0,0.5,0.59,0.5522
1521,9,20,0.0,0.0,2.0,0.5,0.55,0.4179
1522,10,20,0.0,0.0,2.0,0.48,0.51,0.4179
1523,11,20,0.0,0.0,2.0,0.5,0.51,0.3881
1524,12,20,0.0,0.0,2.0,0.48,0.59,0.4925
1525,13,20,0.0,0.0,2.0,0.48,0.59,0.4179
1526,14,20,0.0,0.0,2.0,0.5,0.59,0.4478
1527,15,20,0.0,0.0,2.0,0.5,0.63,0.4925
1528,16,20,0.0,0.0,3.0,0.48,0.67,0.4627
1529,17,20,0.0,0.0,3.0,0.46,0.77,0.5224
1530,18,20,0.0,0.0,3.0,0.42,0.94,0.4925
1531,19,20,0.0,0.0,3.0,0.42,0.94,0.3582
1532,20,20,0.0,0.0,3.0,0.42,0.94,0.4627
1533,21,20,0.0,0.0,3.0,0.44,0.88,0.4179
1534,22,20,0.0,0.0,3.0,0.44,0.88,0.3582
1535,23,20,0.0,0.0,3.0,0.42,0.94,0.3582
1536,0,20,6.0,0.0,1.0,0.5,0.88,0.1343
1537,1,20,6.0,0.0,2.0,0.5,0.88,0.1343
1538,2,20,6.0,0.0,2.0,0.5,0.88,0.194
1539,3,20,6.0,0.0,1.0,0.5,0.88,0.1642
1540,4,20,6.0,0.0,2.0,0.5,0.88,0.1642
1541,5,20,6.0,0.0,2.0,0.5,0.82,0.194
1542,6,20,6.0,0.0,2.0,0.5,0.82,0.194
1543,7,20,6.0,0.0,1.0,0.48,0.83,0.194
1544,8,20,6.0,0.0,1.0,0.5,0.77,0.2537
1545,9,20,6.0,0.0,1.0,0.5,0.77,0.2537
1546,10,19,6.0,0.0,1.0,0.54,0.73,0.2836
1547,11,19,6.0,0.0,1.0,0.56,0.64,0.2836
1548,12,19,6.0,0.0,1.0,0.6,0.53,0.2537
1549,13,19,6.0,0.0,1.0,0.6,0.43,0.2537
1550,14,19,6.0,0.0,1.0,0.6,0.46,0.2537
1551,15,17,6.0,0.0,2.0,0.56,0.6,0.2836
1552,16,17,6.0,0.0,2.0,0.56,0.64,0.2836
1553,17,17,6.0,0.0,2.0,0.56,0.64,0.2836
1554,18,17,6.0,0.0,2.0,0.56,0.64,0.2836
1555,19,17,6.0,0.0,2.0,0.52,0.72,0.2239
1556,20,17,6.0,0.0,2.0,0.52,0.72,0.2239
1557,21,17,6.0,0.0,2.0,0.52,0.72,0.2239
1558,22,17,6.0,0.0,2.0,0.52,0.72,0.2537
1559,23,15,6.0,0.0,2.0,0.52,0.68,0.3881
1560,0,20,5.0,1.0,2.0,0.54,0.77,0.0
1561,1,20,5.0,1.0,2.0,0.52,0.88,0.0896
1562,2,20,5.0,1.0,2.0,0.52,0.88,0.1045
1563,3,20,5.0,1.0,2.0,0.52,0.88,0.1642
1564,4,20,5.0,1.0,2.0,0.52,0.88,0.1642
1565,5,20,5.0,1.0,2.0,0.52,0.88,0.1045
1566,6,20,5.0,1.0,2.0,0.52,0.88,0.0896
1567,7,20,5.0,1.0,2.0,0.52,0.88,0.1045
1568,8,20,5.0,1.0,2.0,0.54,0.88,0.1343
1569,9,20,5.0,1.0,2.0,0.54,0.88,0.1343
1570,10,20,5.0,1.0,2.0,0.54,0.88,0.1045
1571,11,20,5.0,1.0,2.0,0.56,0.78,0.1642
1572,12,20,5.0,1.0,2.0,0.58,0.73,0.194
1573,13,20,5.0,1.0,2.0,0.58,0.68,0.1343
1574,14,20,5.0,1.0,2.0,0.6,0.64,0.1343
1575,15,20,5.0,1.0,2.0,0.62,0.61,0.1045
1576,16,20,5.0,1.0,2.0,0.58,0.73,0.1642
1577,17,20,5.0,1.0,2.0,0.56,0.76,0.194
1578,18,20,5.0,1.0,2.0,0.56,0.78,0.1343
1579,19,20,5.0,1.0,2.0,0.54,0.83,0.1642
1580,20,20,5.0,1.0,2.0,0.54,0.83,0.1642
1581,21,20,5.0,1.0,2.0,0.54,0.77,0.1343
1582,22,20,5.0,1.0,2.0,0.52,0.83,0.1343
1583,23,20,5.0,1.0,1.0,0.52,0.83,0.1642
1584,0,20,4.0,1.0,2.0,0.6,0.64,0.1045
1585,1,20,4.0,1.0,1.0,0.58,0.68,0.0
1586,2,20,4.0,1.0,1.0,0.54,0.77,0.0
1587,3,20,4.0,1.0,2.0,0.52,0.88,0.1343
1588,4,20,4.0,1.0,2.0,0.52,0.88,0.1045
1589,5,20,4.0,1.0,2.0,0.52,0.88,0.1642
1590,6,20,4.0,1.0,2.0,0.52,0.88,0.194
1591,7,20,4.0,1.0,2.0,0.52,0.88,0.194
1592,8,20,4.0,1.0,2.0,0.52,0.83,0.1642
1593,9,20,4.0,1.0,2.0,0.52,0.83,0.194
1594,10,20,4.0,1.0,2.0,0.54,0.83,0.1343
1595,11,20,4.0,1.0,2.0,0.54,0.83,0.1045
1596,12,20,4.0,1.0,2.0,0.56,0.78,0.1045
1597,13,20,4.0,1.0,2.0,0.56,0.78,0.0
1598,14,20,4.0,1.0,1.0,0.6,0.73,0.1343
1599,15,20,4.0,1.0,1.0,0.62,0.65,0.1343
1600,16,20,4.0,1.0,1.0,0.6,0.69,0.1642
1601,17,21,4.0,1.0,1.0,0.6,0.69,0.1642
1602,18,21,4.0,1.0,1.0,0.56,0.83,0.1045
1603,19,21,4.0,1.0,1.0,0.54,0.83,0.194
1604,20,21,4.0,1.0,2.0,0.52,0.88,0.1343
1605,21,21,4.0,1.0,2.0,0.52,0.88,0.1343
1606,22,22,4.0,1.0,2.0,0.54,0.83,0.0896
1607,23,22,4.0,1.0,2.0,0.54,0.83,0.1343
1608,0,21,3.0,1.0,1.0,0.54,0.73,0.0896
1609,1,21,3.0,1.0,1.0,0.54,0.68,0.0
1610,2,21,3.0,1.0,1.0,0.54,0.68,0.0
1611,3,21,3.0,1.0,1.0,0.5,0.77,0.0896
1612,4,21,3.0,1.0,1.0,0.5,0.77,0.0896
1613,5,21,3.0,1.0,1.0,0.5,0.82,0.0
1614,6,21,3.0,1.0,1.0,0.48,0.82,0.1045
1615,7,21,3.0,1.0,1.0,0.5,0.88,0.0896
1616,8,21,3.0,1.0,2.0,0.52,0.83,0.1045
1617,9,21,3.0,1.0,2.0,0.52,0.77,0.0896
1618,10,21,3.0,1.0,2.0,0.54,0.73,0.0
1619,11,21,3.0,1.0,1.0,0.58,0.64,0.0
1620,12,21,3.0,1.0,1.0,0.62,0.61,0.0896
1621,13,21,3.0,1.0,1.0,0.66,0.54,0.0
1622,14,20,3.0,1.0,1.0,0.74,0.3,0.2537
1623,15,20,3.0,1.0,1.0,0.7,0.39,0.1045
1624,16,19,3.0,1.0,1.0,0.74,0.33,0.1343
1625,17,20,3.0,1.0,1.0,0.66,0.47,0.0
1626,18,20,3.0,1.0,1.0,0.66,0.44,0.0
1627,19,19,3.0,1.0,2.0,0.64,0.53,0.0896
1628,20,19,3.0,1.0,2.0,0.62,0.61,0.0896
1629,21,19,3.0,1.0,2.0,0.62,0.61,0.1045
1630,22,20,3.0,1.0,2.0,0.6,0.64,0.1343
1631,23,20,3.0,1.0,2.0,0.58,0.68,0.0896
1632,0,20,2.0,1.0,1.0,0.46,0.88,0.1642
1633,1,20,2.0,1.0,1.0,0.46,0.77,0.1642
1634,2,20,2.0,1.0,1.0,0.44,0.88,0.1343
1635,3,20,2.0,1.0,1.0,0.44,0.77,0.1343
1636,4,20,2.0,1.0,1.0,0.42,0.77,0.1045
1637,5,20,2.0,1.0,1.0,0.44,0.77,0.0896
1638,6,20,2.0,1.0,1.0,0.4,0.82,0.0896
1639,7,20,2.0,1.0,2.0,0.44,0.77,0.1045
1640,8,20,2.0,1.0,2.0,0.46,0.72,0.0896
1641,9,20,2.0,1.0,2.0,0.5,0.72,0.1045
1642,10,20,2.0,1.0,1.0,0.54,0.6,0.0
1643,11,21,2.0,1.0,1.0,0.6,0.53,0.0
1644,12,21,2.0,1.0,2.0,0.62,0.46,0.0896
1645,13,21,2.0,1.0,2.0,0.64,0.44,0.0
1646,14,19,2.0,1.0,1.0,0.68,0.41,0.1642
1647,15,18,2.0,1.0,1.0,0.68,0.41,0.2239
1648,16,18,2.0,1.0,1.0,0.68,0.44,0.0896
1649,17,19,2.0,1.0,1.0,0.68,0.41,0.0
1650,18,19,2.0,1.0,1.0,0.62,0.53,0.0896
1651,19,19,2.0,1.0,1.0,0.62,0.57,0.0896
1652,20,18,2.0,1.0,1.0,0.58,0.64,0.1343
1653,21,18,2.0,1.0,1.0,0.56,0.68,0.0
1654,22,18,2.0,1.0,1.0,0.56,0.68,0.1045
1655,23,18,2.0,1.0,1.0,0.54,0.73,0.1045
1656,0,20,1.0,1.0,1.0,0.4,0.62,0.0
1657,1,20,1.0,1.0,1.0,0.4,0.71,0.0
1658,2,20,1.0,1.0,1.0,0.38,0.71,0.0
1659,3,20,1.0,1.0,1.0,0.4,0.62,0.0
1660,4,20,1.0,1.0,1.0,0.38,0.66,0.0
1661,5,20,1.0,1.0,1.0,0.38,0.76,0.0896
1662,6,20,1.0,1.0,1.0,0.36,0.76,0.0896
1663,7,20,1.0,1.0,1.0,0.38,0.66,0.0896
1664,8,20,1.0,1.0,1.0,0.44,0.67,0.0
1665,9,20,1.0,1.0,1.0,0.46,0.63,0.0896
1666,10,20,1.0,1.0,1.0,0.5,0.55,0.0
1667,11,19,1.0,1.0,1.0,0.56,0.37,0.1642
1668,12,19,1.0,1.0,1.0,0.58,0.35,0.0
1669,13,19,1.0,1.0,1.0,0.62,0.29,0.1642
1670,14,18,1.0,1.0,1.0,0.62,0.27,0.194
1671,15,18,1.0,1.0,1.0,0.64,0.29,0.1642
1672,16,19,1.0,1.0,1.0,0.62,0.33,0.1642
1673,17,19,1.0,1.0,1.0,0.62,0.33,0.1045
1674,18,19,1.0,1.0,1.0,0.54,0.64,0.1045
1675,19,20,1.0,1.0,1.0,0.52,0.52,0.1045
1676,20,20,1.0,1.0,1.0,0.5,0.59,0.1045
1677,21,20,1.0,1.0,1.0,0.48,0.67,0.0896
1678,22,20,1.0,1.0,1.0,0.46,0.82,0.1343
1679,23,20,1.0,1.0,1.0,0.46,0.82,0.1045
1680,0,20,0.0,0.0,1.0,0.44,0.54,0.1642
1681,1,20,0.0,0.0,1.0,0.42,0.58,0.2239
1682,2,20,0.0,0.0,1.0,0.4,0.62,0.1642
1683,3,20,0.0,0.0,1.0,0.38,0.66,0.0896
1684,4,20,0.0,0.0,1.0,0.36,0.71,0.1642
1685,5,20,0.0,0.0,1.0,0.38,0.66,0.0896
1686,6,20,0.0,0.0,1.0,0.4,0.62,0.0
1687,7,20,0.0,0.0,1.0,0.4,0.62,0.0
1688,8,20,0.0,0.0,1.0,0.42,0.67,0.0
1689,9,20,0.0,0.0,1.0,0.46,0.55,0.1642
1690,10,20,0.0,0.0,1.0,0.5,0.48,0.2985
1691,11,19,0.0,0.0,1.0,0.52,0.44,0.3284
1692,12,19,0.0,0.0,1.0,0.54,0.39,0.3284
1693,13,19,0.0,0.0,1.0,0.56,0.37,0.2537
1694,14,18,0.0,0.0,1.0,0.56,0.35,0.194
1695,15,18,0.0,0.0,1.0,0.56,0.35,0.3284
1696,16,18,0.0,0.0,1.0,0.54,0.37,0.2239
1697,17,18,0.0,0.0,1.0,0.52,0.39,0.2537
1698,18,18,0.0,0.0,1.0,0.52,0.39,0.194
1699,19,18,0.0,0.0,1.0,0.5,0.42,0.1642
1700,20,18,0.0,0.0,1.0,0.48,0.44,0.194
1701,21,18,0.0,0.0,1.0,0.42,0.54,0.1642
1702,22,18,0.0,0.0,1.0,0.42,0.54,0.0
1703,23,18,0.0,0.0,1.0,0.44,0.54,0.0
1704,0,20,6.0,0.0,1.0,0.46,0.82,0.1343
1705,1,21,6.0,0.0,1.0,0.46,0.72,0.1343
1706,2,21,6.0,0.0,1.0,0.44,0.77,0.1045
1707,3,21,6.0,0.0,1.0,0.42,0.77,0.1343
1708,4,21,6.0,0.0,1.0,0.44,0.72,0.0
1709,5,21,6.0,0.0,1.0,0.4,0.82,0.0
1710,6,21,6.0,0.0,1.0,0.42,0.71,0.0
1711,7,21,6.0,0.0,1.0,0.4,0.82,0.0
1712,8,21,6.0,0.0,1.0,0.46,0.67,0.1343
1713,9,21,6.0,0.0,1.0,0.5,0.59,0.1343
1714,10,20,6.0,0.0,1.0,0.52,0.52,0.1343
1715,11,20,6.0,0.0,1.0,0.54,0.52,0.2239
1716,12,19,6.0,0.0,1.0,0.56,0.46,0.1045
1717,13,19,6.0,0.0,1.0,0.56,0.43,0.1642
1718,14,19,6.0,0.0,1.0,0.56,0.4,0.0
1719,15,19,6.0,0.0,1.0,0.56,0.43,0.0
1720,16,19,6.0,0.0,1.0,0.54,0.42,0.2836
1721,17,19,6.0,0.0,1.0,0.54,0.37,0.2239
1722,18,19,6.0,0.0,1.0,0.52,0.39,0.2239
1723,19,20,6.0,0.0,1.0,0.5,0.45,0.1343
1724,20,20,6.0,0.0,1.0,0.5,0.39,0.2239
1725,21,20,6.0,0.0,1.0,0.46,0.47,0.2239
1726,22,20,6.0,0.0,1.0,0.44,0.51,0.1045
1727,23,20,6.0,0.0,1.0,0.42,0.58,0.0
1728,0,20,5.0,1.0,2.0,0.56,0.83,0.1045
1729,1,20,5.0,1.0,3.0,0.54,0.88,0.0
1730,2,20,5.0,1.0,2.0,0.54,0.88,0.0
1731,3,20,5.0,1.0,2.0,0.56,0.83,0.0
1732,4,20,5.0,1.0,2.0,0.56,0.83,0.0
1733,5,20,5.0,1.0,2.0,0.54,0.88,0.0
1734,6,20,5.0,1.0,3.0,0.54,0.94,0.1642
1735,7,20,5.0,1.0,3.0,0.54,0.94,0.0
1736,8,20,5.0,1.0,2.0,0.54,0.94,0.1045
1737,9,20,5.0,1.0,2.0,0.54,0.94,0.1045
1738,10,18,5.0,1.0,2.0,0.58,0.88,0.194
1739,11,18,5.0,1.0,1.0,0.6,0.83,0.194
1740,12,18,5.0,1.0,1.0,0.64,0.69,0.2239
1741,13,17,5.0,1.0,1.0,0.62,0.73,0.2239
1742,14,17,5.0,1.0,1.0,0.66,0.61,0.2537
1743,15,17,5.0,1.0,1.0,0.64,0.65,0.2985
1744,16,19,5.0,1.0,3.0,0.62,0.69,0.3582
1745,17,18,5.0,1.0,3.0,0.62,0.69,0.3582
1746,18,18,5.0,1.0,1.0,0.56,0.83,0.1045
1747,19,18,5.0,1.0,1.0,0.54,0.88,0.1642
1748,20,18,5.0,1.0,1.0,0.52,0.77,0.194
1749,21,18,5.0,1.0,1.0,0.5,0.77,0.0
1750,22,18,5.0,1.0,1.0,0.5,0.77,0.0896
1751,23,18,5.0,1.0,1.0,0.46,0.88,0.1045
1752,0,20,4.0,1.0,1.0,0.46,0.88,0.194
1753,1,20,4.0,1.0,1.0,0.46,0.82,0.2239
1754,2,20,4.0,1.0,1.0,0.46,0.82,0.194
1755,3,20,4.0,1.0,1.0,0.44,0.88,0.2239
1756,4,20,4.0,1.0,1.0,0.44,0.88,0.2239
1757,5,20,4.0,1.0,1.0,0.44,0.82,0.2239
1758,6,20,4.0,1.0,1.0,0.44,0.88,0.2985
1759,7,20,4.0,1.0,1.0,0.44,0.88,0.2537
1760,8,20,4.0,1.0,1.0,0.46,0.82,0.2537
1761,9,21,4.0,1.0,2.0,0.5,0.77,0.1642
1762,10,21,4.0,1.0,2.0,0.52,0.68,0.2239
1763,11,21,4.0,1.0,2.0,0.56,0.56,0.2239
1764,12,21,4.0,1.0,2.0,0.6,0.53,0.2537
1765,13,21,4.0,1.0,1.0,0.62,0.53,0.3582
1766,14,20,4.0,1.0,2.0,0.62,0.5,0.2985
1767,15,19,4.0,1.0,2.0,0.6,0.6,0.194
1768,16,19,4.0,1.0,1.0,0.6,0.56,0.2836
1769,17,18,4.0,1.0,2.0,0.58,0.64,0.3284
1770,18,18,4.0,1.0,2.0,0.56,0.64,0.3284
1771,19,18,4.0,1.0,2.0,0.56,0.68,0.2985
1772,20,18,4.0,1.0,2.0,0.56,0.68,0.2537
1773,21,18,4.0,1.0,2.0,0.54,0.77,0.194
1774,22,18,4.0,1.0,2.0,0.54,0.83,0.194
1775,23,18,4.0,1.0,2.0,0.54,0.83,0.0
1776,0,20,3.0,1.0,1.0,0.38,0.76,0.0
1777,1,20,3.0,1.0,1.0,0.38,0.76,0.0
1778,2,20,3.0,1.0,1.0,0.38,0.76,0.0
1779,3,20,3.0,1.0,1.0,0.36,0.87,0.0
1780,4,20,3.0,1.0,1.0,0.36,0.81,0.0896
1781,5,20,3.0,1.0,2.0,0.36,0.81,0.0
1782,6,20,3.0,1.0,1.0,0.38,0.82,0.0
1783,7,20,3.0,1.0,1.0,0.36,0.81,0.1045
1784,8,20,3.0,1.0,2.0,0.4,0.76,0.0
1785,9,20,3.0,1.0,2.0,0.42,0.77,0.0
1786,10,20,3.0,1.0,2.0,0.46,0.67,0.0
1787,11,20,3.0,1.0,2.0,0.5,0.51,0.0896
1788,12,20,3.0,1.0,2.0,0.52,0.48,0.1642
1789,13,21,3.0,1.0,2.0,0.54,0.49,0.1343
1790,14,21,3.0,1.0,2.0,0.56,0.43,0.1642
1791,15,20,3.0,1.0,2.0,0.58,0.43,0.2239
1792,16,19,3.0,1.0,1.0,0.56,0.52,0.194
1793,17,18,3.0,1.0,1.0,0.54,0.56,0.1045
1794,18,18,3.0,1.0,1.0,0.52,0.59,0.1642
1795,19,19,3.0,1.0,1.0,0.5,0.72,0.194
1796,20,19,3.0,1.0,1.0,0.5,0.72,0.1343
1797,21,19,3.0,1.0,1.0,0.46,0.82,0.194
1798,22,19,3.0,1.0,1.0,0.46,0.88,0.2537
1799,23,19,3.0,1.0,1.0,0.46,0.88,0.2239
1800,0,20,2.0,1.0,1.0,0.46,0.63,0.3881
1801,1,20,2.0,1.0,1.0,0.44,0.67,0.194
1802,2,20,2.0,1.0,1.0,0.44,0.67,0.1343
1803,3,20,2.0,1.0,1.0,0.42,0.67,0.1045
1804,4,20,2.0,1.0,1.0,0.42,0.67,0.1642
1805,5,20,2.0,1.0,1.0,0.42,0.67,0.2537
1806,6,20,2.0,1.0,1.0,0.42,0.67,0.1642
1807,7,21,2.0,1.0,1.0,0.42,0.67,0.0896
1808,8,21,2.0,1.0,1.0,0.44,0.62,0.0
1809,9,21,2.0,1.0,1.0,0.48,0.55,0.2537
1810,10,21,2.0,1.0,1.0,0.5,0.48,0.2836
1811,11,21,2.0,1.0,1.0,0.5,0.45,0.4179
1812,12,21,2.0,1.0,2.0,0.52,0.45,0.3284
1813,13,21,2.0,1.0,1.0,0.52,0.45,0.2836
1814,14,21,2.0,1.0,1.0,0.54,0.39,0.2537
1815,15,21,2.0,1.0,1.0,0.54,0.41,0.3284
1816,16,21,2.0,1.0,1.0,0.54,0.39,0.2836
1817,17,23,2.0,1.0,1.0,0.52,0.39,0.194
1818,18,23,2.0,1.0,1.0,0.5,0.42,0.1642
1819,19,23,2.0,1.0,1.0,0.48,0.48,0.0
1820,20,23,2.0,1.0,1.0,0.46,0.55,0.0
1821,21,23,2.0,1.0,1.0,0.46,0.63,0.0
1822,22,22,2.0,1.0,1.0,0.4,0.71,0.0896
1823,23,21,2.0,1.0,1.0,0.4,0.71,0.0
1824,0,20,1.0,1.0,2.0,0.56,0.73,0.2537
1825,1,20,1.0,1.0,2.0,0.58,0.64,0.3881
1826,2,20,1.0,1.0,2.0,0.58,0.64,0.3582
1827,3,20,1.0,1.0,2.0,0.56,0.73,0.2537
1828,4,20,1.0,1.0,2.0,0.56,0.68,0.2239
1829,5,20,1.0,1.0,2.0,0.56,0.73,0.2836
1830,6,20,1.0,1.0,2.0,0.56,0.73,0.2985
1831,7,20,1.0,1.0,2.0,0.58,0.68,0.3284
1832,8,20,1.0,1.0,2.0,0.6,0.64,0.3881
1833,9,20,1.0,1.0,3.0,0.6,0.69,0.3881
1834,10,20,1.0,1.0,2.0,0.6,0.73,0.3881
1835,11,18,1.0,1.0,2.0,0.6,0.73,0.3881
1836,12,18,1.0,1.0,3.0,0.6,0.78,0.3284
1837,13,18,1.0,1.0,2.0,0.56,0.88,0.2239
1838,14,18,1.0,1.0,2.0,0.6,0.78,0.2836
1839,15,18,1.0,1.0,1.0,0.6,0.78,0.3284
1840,16,18,1.0,1.0,1.0,0.56,0.64,0.2985
1841,17,18,1.0,1.0,1.0,0.56,0.64,0.2537
1842,18,17,1.0,1.0,3.0,0.54,0.77,0.1343
1843,19,17,1.0,1.0,3.0,0.52,0.83,0.0896
1844,20,17,1.0,1.0,2.0,0.52,0.72,0.3881
1845,21,17,1.0,1.0,1.0,0.52,0.59,0.3284
1846,22,17,1.0,1.0,1.0,0.5,0.59,0.2836
1847,23,17,1.0,1.0,1.0,0.46,0.63,0.2239
1848,0,20,0.0,0.0,1.0,0.4,0.71,0.2537
1849,1,20,0.0,0.0,1.0,0.42,0.77,0.2836
1850,2,20,0.0,0.0,1.0,0.4,0.76,0.0896
1851,3,20,0.0,0.0,1.0,0.42,0.77,0.2985
1852,4,20,0.0,0.0,1.0,0.42,0.77,0.2836
1853,5,20,0.0,0.0,1.0,0.4,0.82,0.194
1854,6,20,0.0,0.0,1.0,0.4,0.82,0.1642
1855,7,20,0.0,0.0,1.0,0.42,0.82,0.2239
1856,8,20,0.0,0.0,1.0,0.44,0.77,0.194
1857,9,20,0.0,0.0,2.0,0.48,0.67,0.2836
1858,10,20,0.0,0.0,1.0,0.54,0.56,0.194
1859,11,20,0.0,0.0,1.0,0.56,0.52,0.2985
1860,12,20,0.0,0.0,1.0,0.62,0.46,0.3284
1861,13,20,0.0,0.0,1.0,0.64,0.41,0.4478
1862,14,20,0.0,0.0,1.0,0.66,0.39,0.4179
1863,15,20,0.0,0.0,1.0,0.66,0.39,0.4179
1864,16,19,0.0,0.0,1.0,0.64,0.41,0.2985
1865,17,19,0.0,0.0,1.0,0.64,0.44,0.194
1866,18,21,0.0,0.0,1.0,0.58,0.6,0.2537
1867,19,21,0.0,0.0,1.0,0.56,0.64,0.2239
1868,20,21,0.0,0.0,1.0,0.54,0.73,0.2239
1869,21,22,0.0,0.0,1.0,0.56,0.73,0.4478
1870,22,22,0.0,0.0,1.0,0.56,0.73,0.3881
1871,23,22,0.0,0.0,2.0,0.56,0.68,0.2836
1872,0,20,6.0,0.0,1.0,0.36,0.57,0.0896
1873,1,20,6.0,0.0,1.0,0.34,0.53,0.1343
1874,2,20,6.0,0.0,1.0,0.34,0.53,0.194
1875,3,20,6.0,0.0,1.0,0.32,0.66,0.2239
1876,4,20,6.0,0.0,1.0,0.3,0.65,0.1642
1877,5,20,6.0,0.0,1.0,0.3,0.61,0.194
1878,6,20,6.0,0.0,1.0,0.3,0.61,0.194
1879,7,20,6.0,0.0,1.0,0.3,0.61,0.1642
1880,8,20,6.0,0.0,1.0,0.34,0.53,0.1045
1881,9,20,6.0,0.0,1.0,0.36,0.5,0.0896
1882,10,20,6.0,0.0,1.0,0.4,0.43,0.0
1883,11,19,6.0,0.0,1.0,0.42,0.35,0.1343
1884,12,17,6.0,0.0,1.0,0.44,0.35,0.0
1885,13,17,6.0,0.0,1.0,0.46,0.36,0.194
1886,14,17,6.0,0.0,1.0,0.48,0.33,0.194
1887,15,17,6.0,0.0,1.0,0.5,0.36,0.194
1888,16,17,6.0,0.0,1.0,0.5,0.31,0.194
1889,17,17,6.0,0.0,1.0,0.46,0.38,0.1642
1890,18,16,6.0,0.0,1.0,0.46,0.44,0.1343
1891,19,16,6.0,0.0,1.0,0.44,0.44,0.1642
1892,20,16,6.0,0.0,1.0,0.4,0.54,0.0896
1893,21,16,6.0,0.0,1.0,0.4,0.58,0.194
1894,22,16,6.0,0.0,1.0,0.4,0.62,0.0
1895,23,16,6.0,0.0,1.0,0.42,0.58,0.2985
1896,0,20,5.0,1.0,1.0,0.4,0.66,0.1045
1897,1,20,5.0,1.0,1.0,0.4,0.66,0.0896
1898,2,20,5.0,1.0,1.0,0.4,0.66,0.0896
1899,3,20,5.0,1.0,1.0,0.36,0.76,0.0896
1900,4,20,5.0,1.0,1.0,0.36,0.76,0.1045
1901,5,20,5.0,1.0,1.0,0.36,0.81,0.0896
1902,6,20,5.0,1.0,1.0,0.34,0.81,0.0896
1903,7,20,5.0,1.0,1.0,0.36,0.81,0.0896
1904,8,20,5.0,1.0,1.0,0.42,0.71,0.0896
1905,9,19,5.0,1.0,1.0,0.5,0.39,0.2985
1906,10,19,5.0,1.0,1.0,0.52,0.36,0.2985
1907,11,19,5.0,1.0,1.0,0.54,0.37,0.3582
1908,12,18,5.0,1.0,1.0,0.54,0.39,0.4627
1909,13,18,5.0,1.0,1.0,0.56,0.37,0.3881
1910,14,18,5.0,1.0,1.0,0.56,0.37,0.4627
1911,15,17,5.0,1.0,1.0,0.52,0.42,0.4478
1912,16,17,5.0,1.0,1.0,0.46,0.41,0.3582
1913,17,19,5.0,1.0,1.0,0.46,0.38,0.3881
1914,18,19,5.0,1.0,1.0,0.44,0.38,0.2985
1915,19,17,5.0,1.0,1.0,0.42,0.41,0.2239
1916,20,17,5.0,1.0,1.0,0.42,0.47,0.1343
1917,21,17,5.0,1.0,1.0,0.4,0.54,0.194
1918,22,17,5.0,1.0,1.0,0.4,0.47,0.2985
1919,23,17,5.0,1.0,1.0,0.36,0.57,0.194
1920,0,20,4.0,1.0,1.0,0.44,0.51,0.1343
1921,1,20,4.0,1.0,1.0,0.44,0.47,0.194
1922,2,20,4.0,1.0,1.0,0.42,0.5,0.1343
1923,3,20,4.0,1.0,1.0,0.42,0.47,0.2985
1924,4,20,4.0,1.0,1.0,0.4,0.5,0.2537
1925,5,20,4.0,1.0,1.0,0.36,0.5,0.1642
1926,6,20,4.0,1.0,1.0,0.36,0.5,0.1642
1927,7,20,4.0,1.0,1.0,0.36,0.5,0.2537
1928,8,19,4.0,1.0,1.0,0.38,0.46,0.3881
1929,9,19,4.0,1.0,1.0,0.4,0.43,0.3881
1930,10,19,4.0,1.0,1.0,0.44,0.41,0.3582
1931,11,19,4.0,1.0,1.0,0.46,0.36,0.0
1932,12,19,4.0,1.0,1.0,0.46,0.36,0.0
1933,13,18,4.0,1.0,1.0,0.5,0.31,0.1045
1934,14,18,4.0,1.0,1.0,0.52,0.32,0.0896
1935,15,18,4.0,1.0,1.0,0.52,0.34,0.1642
1936,16,18,4.0,1.0,1.0,0.5,0.36,0.1343
1937,17,21,4.0,1.0,1.0,0.5,0.39,0.2836
1938,18,22,4.0,1.0,1.0,0.46,0.44,0.1642
1939,19,22,4.0,1.0,1.0,0.44,0.51,0.1343
1940,20,23,4.0,1.0,1.0,0.42,0.62,0.1642
1941,21,23,4.0,1.0,1.0,0.42,0.62,0.1343
1942,22,23,4.0,1.0,1.0,0.4,0.66,0.1642
1943,23,23,4.0,1.0,1.0,0.42,0.58,0.0896
1944,0,20,3.0,1.0,2.0,0.46,0.88,0.0896
1945,1,20,3.0,1.0,2.0,0.46,0.88,0.0
1946,2,20,3.0,1.0,2.0,0.46,0.88,0.0
1947,3,20,3.0,1.0,2.0,0.46,0.88,0.0
1948,4,20,3.0,1.0,2.0,0.46,0.88,0.1045
1949,5,20,3.0,1.0,2.0,0.46,0.88,0.0896
1950,6,20,3.0,1.0,2.0,0.46,0.88,0.0896
1951,7,21,3.0,1.0,1.0,0.46,0.82,0.1045
1952,8,21,3.0,1.0,1.0,0.5,0.77,0.1642
1953,9,21,3.0,1.0,1.0,0.54,0.6,0.2836
1954,10,18,3.0,1.0,1.0,0.56,0.52,0.2985
1955,11,18,3.0,1.0,1.0,0.54,0.52,0.194
1956,12,18,3.0,1.0,1.0,0.54,0.56,0.2239
1957,13,17,3.0,1.0,1.0,0.56,0.49,0.0
1958,14,17,3.0,1.0,1.0,0.6,0.4,0.1642
1959,15,16,3.0,1.0,1.0,0.6,0.4,0.1642
1960,16,16,3.0,1.0,1.0,0.6,0.4,0.2239
1961,17,15,3.0,1.0,1.0,0.58,0.43,0.2239
1962,18,18,3.0,1.0,2.0,0.56,0.49,0.1642
1963,19,18,3.0,1.0,2.0,0.56,0.46,0.5821
1964,20,18,3.0,1.0,1.0,0.52,0.48,0.4925
1965,21,18,3.0,1.0,1.0,0.5,0.51,0.3582
1966,22,18,3.0,1.0,1.0,0.46,0.55,0.2985
1967,23,18,3.0,1.0,1.0,0.44,0.58,0.194
1968,0,20,2.0,1.0,2.0,0.38,0.82,0.2239
1969,1,20,2.0,1.0,3.0,0.36,0.87,0.2239
1970,2,20,2.0,1.0,3.0,0.36,0.87,0.2537
1971,3,20,2.0,1.0,3.0,0.36,0.87,0.2836
1972,4,20,2.0,1.0,3.0,0.36,0.87,0.1642
1973,5,20,2.0,1.0,2.0,0.38,0.82,0.194
1974,6,20,2.0,1.0,2.0,0.38,0.82,0.2537
1975,7,20,2.0,1.0,1.0,0.38,0.83,0.2537
1976,8,20,2.0,1.0,2.0,0.42,0.8,0.194
1977,9,20,2.0,1.0,2.0,0.42,0.77,0.2239
1978,10,20,2.0,1.0,2.0,0.44,0.75,0.2239
1979,11,20,2.0,1.0,2.0,0.48,0.69,0.194
1980,12,20,2.0,1.0,2.0,0.48,0.69,0.194
1981,13,20,2.0,1.0,2.0,0.5,0.67,0.1343
1982,14,20,2.0,1.0,2.0,0.54,0.64,0.194
1983,15,20,2.0,1.0,2.0,0.52,0.63,0.1642
1984,16,20,2.0,1.0,2.0,0.5,0.72,0.1642
1985,17,21,2.0,1.0,2.0,0.52,0.68,0.1642
1986,18,22,2.0,1.0,2.0,0.5,0.72,0.2239
1987,19,21,2.0,1.0,2.0,0.5,0.72,0.1642
1988,20,21,2.0,1.0,2.0,0.5,0.72,0.1642
1989,21,21,2.0,1.0,2.0,0.48,0.77,0.1343
1990,22,21,2.0,1.0,2.0,0.48,0.77,0.0896
1991,23,21,2.0,1.0,2.0,0.48,0.77,0.0896
1992,0,20,1.0,0.0,1.0,0.38,0.76,0.2836
1993,1,20,1.0,0.0,1.0,0.34,0.87,0.1642
1994,2,20,1.0,0.0,1.0,0.34,0.81,0.194
1995,3,20,1.0,0.0,1.0,0.34,0.81,0.1045
1996,4,20,1.0,0.0,1.0,0.32,0.87,0.1343
1997,5,20,1.0,0.0,1.0,0.34,0.76,0.2239
1998,6,20,1.0,0.0,1.0,0.34,0.76,0.1045
1999,7,20,1.0,0.0,2.0,0.34,0.76,0.1642
2000,8,20,1.0,0.0,2.0,0.36,0.71,0.2239
2001,9,20,1.0,0.0,2.0,0.38,0.66,0.1642
2002,10,20,1.0,0.0,2.0,0.38,0.68,0.1343
2003,11,20,1.0,0.0,2.0,0.4,0.62,0.0896
2004,12,18,1.0,0.0,2.0,0.42,0.63,0.1642
2005,13,18,1.0,0.0,2.0,0.42,0.62,0.194
2006,14,18,1.0,0.0,2.0,0.42,0.58,0.1045
2007,15,18,1.0,0.0,3.0,0.42,0.58,0.194
2008,16,18,1.0,0.0,3.0,0.42,0.58,0.194
2009,17,19,1.0,0.0,2.0,0.42,0.66,0.2537
2010,18,19,1.0,0.0,2.0,0.42,0.66,0.2836
2011,19,19,1.0,0.0,2.0,0.4,0.71,0.2537
2012,20,19,1.0,0.0,3.0,0.4,0.71,0.2239
2013,21,19,1.0,0.0,2.0,0.4,0.76,0.2239
2014,22,19,1.0,0.0,3.0,0.4,0.76,0.2537
2015,23,19,1.0,0.0,2.0,0.4,0.71,0.2239
2016,0,20,0.0,0.0,1.0,0.44,0.62,0.1642
2017,1,20,0.0,0.0,1.0,0.44,0.54,0.2239
2018,2,20,0.0,0.0,1.0,0.42,0.62,0.1343
2019,3,20,0.0,0.0,2.0,0.44,0.62,0.1343
2020,4,20,0.0,0.0,2.0,0.44,0.54,0.2537
2021,5,20,0.0,0.0,2.0,0.44,0.54,0.1343
2022,6,20,0.0,0.0,2.0,0.44,0.54,0.194
2023,7,20,0.0,0.0,3.0,0.42,0.58,0.1642
2024,8,20,0.0,0.0,3.0,0.42,0.67,0.1343
2025,9,20,0.0,0.0,3.0,0.4,0.71,0.1343
2026,10,20,0.0,0.0,2.0,0.42,0.67,0.194
2027,11,20,0.0,0.0,2.0,0.42,0.71,0.1045
2028,12,19,0.0,0.0,2.0,0.42,0.71,0.0
2029,13,19,0.0,0.0,2.0,0.44,0.72,0.0896
2030,14,19,0.0,0.0,2.0,0.44,0.67,0.0
2031,15,19,0.0,0.0,3.0,0.42,0.77,0.1343
2032,16,19,0.0,0.0,3.0,0.4,0.82,0.1642
2033,17,19,0.0,0.0,3.0,0.4,0.82,0.2239
2034,18,19,0.0,0.0,3.0,0.4,0.82,0.194
2035,19,19,0.0,0.0,2.0,0.4,0.82,0.1045
2036,20,19,0.0,0.0,1.0,0.4,0.82,0.1343
2037,21,19,0.0,0.0,1.0,0.38,0.87,0.1045
2038,22,19,0.0,0.0,1.0,0.38,0.87,0.1343
2039,23,19,0.0,0.0,1.0,0.36,0.93,0.1343
2040,0,20,6.0,0.0,1.0,0.56,0.83,0.1642
2041,1,20,6.0,0.0,1.0,0.56,0.83,0.2537
2042,2,20,6.0,0.0,1.0,0.56,0.78,0.194
2043,3,20,6.0,0.0,1.0,0.54,0.77,0.2239
2044,4,20,6.0,0.0,1.0,0.54,0.83,0.2537
2045,5,20,6.0,0.0,1.0,0.54,0.83,0.194
2046,6,20,6.0,0.0,1.0,0.54,0.88,0.2537
2047,7,20,6.0,0.0,1.0,0.54,0.83,0.2985
2048,8,20,6.0,0.0,1.0,0.56,0.83,0.194
2049,9,20,6.0,0.0,1.0,0.6,0.73,0.194
2050,10,20,6.0,0.0,1.0,0.62,0.69,0.2836
2051,11,20,6.0,0.0,1.0,0.64,0.65,0.2537
2052,12,19,6.0,0.0,1.0,0.7,0.54,0.1045
2053,13,17,6.0,0.0,2.0,0.64,0.57,0.5224
2054,14,18,6.0,0.0,2.0,0.6,0.56,0.4179
2055,15,16,6.0,0.0,1.0,0.6,0.46,0.4179
2056,16,16,6.0,0.0,1.0,0.6,0.43,0.5224
2057,17,16,6.0,0.0,1.0,0.54,0.49,0.3881
2058,18,17,6.0,0.0,1.0,0.52,0.48,0.4179
2059,19,17,6.0,0.0,1.0,0.48,0.55,0.2239
2060,20,17,6.0,0.0,1.0,0.48,0.55,0.2537
2061,21,17,6.0,0.0,1.0,0.46,0.59,0.1343
2062,22,17,6.0,0.0,1.0,0.44,0.62,0.1343
2063,23,17,6.0,0.0,1.0,0.44,0.62,0.1343
2064,0,20,5.0,1.0,1.0,0.56,0.73,0.0
2065,1,20,5.0,1.0,1.0,0.54,0.68,0.1045
2066,2,20,5.0,1.0,1.0,0.54,0.73,0.0896
2067,3,20,5.0,1.0,1.0,0.54,0.73,0.0
2068,4,20,5.0,1.0,1.0,0.54,0.77,0.0
2069,5,19,5.0,1.0,1.0,0.52,0.77,0.0
2070,6,19,5.0,1.0,1.0,0.52,0.83,0.0
2071,7,19,5.0,1.0,1.0,0.52,0.83,0.1045
2072,8,19,5.0,1.0,1.0,0.58,0.64,0.0
2073,9,18,5.0,1.0,1.0,0.6,0.6,0.0896
2074,10,18,5.0,1.0,1.0,0.66,0.54,0.0
2075,11,18,5.0,1.0,1.0,0.7,0.48,0.194
2076,12,19,5.0,1.0,1.0,0.72,0.42,0.1642
2077,13,19,5.0,1.0,1.0,0.7,0.48,0.0
2078,14,19,5.0,1.0,1.0,0.74,0.37,0.2239
2079,15,19,5.0,1.0,1.0,0.72,0.39,0.2537
2080,16,19,5.0,1.0,1.0,0.72,0.37,0.0
2081,17,19,5.0,1.0,1.0,0.7,0.42,0.1642
2082,18,19,5.0,1.0,1.0,0.64,0.57,0.1343
2083,19,19,5.0,1.0,1.0,0.62,0.73,0.1642
2084,20,20,5.0,1.0,1.0,0.6,0.78,0.1343
2085,21,20,5.0,1.0,1.0,0.6,0.69,0.2239
2086,22,21,5.0,1.0,1.0,0.6,0.73,0.2836
2087,23,21,5.0,1.0,1.0,0.58,0.78,0.2239
2088,0,20,4.0,1.0,3.0,0.64,0.89,0.0
2089,1,20,4.0,1.0,2.0,0.62,0.94,0.0
2090,2,20,4.0,1.0,1.0,0.64,0.89,0.0
2091,3,20,4.0,1.0,2.0,0.62,0.88,0.0
2092,4,20,4.0,1.0,2.0,0.64,0.89,0.0
2093,5,20,4.0,1.0,3.0,0.64,0.89,0.1045
2094,6,20,4.0,1.0,3.0,0.62,0.94,0.0896
2095,7,20,4.0,1.0,2.0,0.64,0.89,0.0896
2096,8,20,4.0,1.0,1.0,0.64,0.89,0.0
2097,9,18,4.0,1.0,2.0,0.64,0.89,0.194
2098,10,19,4.0,1.0,2.0,0.66,0.83,0.1343
2099,11,19,4.0,1.0,2.0,0.7,0.7,0.1045
2100,12,19,4.0,1.0,2.0,0.72,0.54,0.194
2101,13,19,4.0,1.0,2.0,0.72,0.58,0.3284
2102,14,19,4.0,1.0,1.0,0.7,0.61,0.2537
2103,15,19,4.0,1.0,1.0,0.72,0.54,0.2836
2104,16,18,4.0,1.0,1.0,0.7,0.54,0.2836
2105,17,18,4.0,1.0,1.0,0.7,0.51,0.2239
2106,18,18,4.0,1.0,1.0,0.66,0.57,0.1045
2107,19,18,4.0,1.0,1.0,0.66,0.57,0.1045
2108,20,18,4.0,1.0,1.0,0.64,0.65,0.1045
2109,21,18,4.0,1.0,1.0,0.62,0.69,0.0
2110,22,18,4.0,1.0,1.0,0.64,0.47,0.1343
2111,23,18,4.0,1.0,1.0,0.6,0.56,0.0896
2112,0,20,3.0,1.0,3.0,0.62,0.94,0.0
2113,1,20,3.0,1.0,2.0,0.62,0.94,0.0
2114,2,20,3.0,1.0,2.0,0.62,0.94,0.0
2115,3,20,3.0,1.0,2.0,0.6,0.94,0.0
2116,4,20,3.0,1.0,2.0,0.6,1.0,0.0
2117,5,20,3.0,1.0,2.0,0.62,0.94,0.1045
2118,6,20,3.0,1.0,2.0,0.6,0.94,0.1343
2119,7,20,3.0,1.0,2.0,0.6,0.94,0.194
2120,8,19,3.0,1.0,2.0,0.62,0.88,0.1045
2121,9,19,3.0,1.0,2.0,0.62,0.83,0.194
2122,10,19,3.0,1.0,1.0,0.66,0.78,0.1642
2123,11,19,3.0,1.0,1.0,0.66,0.78,0.1642
2124,12,19,3.0,1.0,2.0,0.7,0.7,0.1045
2125,13,19,3.0,1.0,2.0,0.7,0.74,0.1045
2126,14,19,3.0,1.0,2.0,0.72,0.7,0.1642
2127,15,20,3.0,1.0,2.0,0.72,0.62,0.1642
2128,16,20,3.0,1.0,2.0,0.72,0.58,0.0
2129,17,21,3.0,1.0,1.0,0.7,0.65,0.0
2130,18,22,3.0,1.0,1.0,0.7,0.65,0.0
2131,19,22,3.0,1.0,1.0,0.7,0.65,0.0
2132,20,23,3.0,1.0,1.0,0.7,0.65,0.0
2133,21,23,3.0,1.0,2.0,0.66,0.74,0.0
2134,22,23,3.0,1.0,1.0,0.66,0.74,0.0
2135,23,24,3.0,1.0,2.0,0.66,0.78,0.0
2136,0,20,2.0,1.0,2.0,0.56,0.73,0.0
2137,1,20,2.0,1.0,2.0,0.54,0.77,0.1045
2138,2,20,2.0,1.0,2.0,0.54,0.77,0.1045
2139,3,20,2.0,1.0,2.0,0.54,0.88,0.194
2140,4,20,2.0,1.0,2.0,0.56,0.83,0.0896
2141,5,20,2.0,1.0,2.0,0.56,0.83,0.1343
2142,6,20,2.0,1.0,3.0,0.58,0.83,0.1045
2143,7,20,2.0,1.0,3.0,0.58,0.83,0.1045
2144,8,20,2.0,1.0,3.0,0.6,0.88,0.0
2145,9,20,2.0,1.0,3.0,0.58,0.88,0.1343
2146,10,20,2.0,1.0,3.0,0.58,0.88,0.1343
2147,11,20,2.0,1.0,3.0,0.58,0.94,0.1343
2148,12,20,2.0,1.0,2.0,0.6,0.88,0.194
2149,13,20,2.0,1.0,2.0,0.6,0.88,0.1343
2150,14,20,2.0,1.0,3.0,0.6,0.88,0.1343
2151,15,20,2.0,1.0,3.0,0.62,0.83,0.1343
2152,16,20,2.0,1.0,3.0,0.62,0.88,0.1343
2153,17,20,2.0,1.0,3.0,0.62,0.88,0.1045
2154,18,20,2.0,1.0,3.0,0.62,0.94,0.0896
2155,19,20,2.0,1.0,3.0,0.62,0.94,0.0
2156,20,20,2.0,1.0,3.0,0.62,0.94,0.1343
2157,21,20,2.0,1.0,3.0,0.62,0.94,0.1045
2158,22,20,2.0,1.0,2.0,0.62,0.94,0.1045
2159,23,20,2.0,1.0,2.0,0.62,0.94,0.0
2160,0,20,1.0,1.0,1.0,0.46,0.72,0.1045
2161,1,20,1.0,1.0,1.0,0.44,0.77,0.0896
2162,2,20,1.0,1.0,1.0,0.46,0.72,0.0
2163,3,20,1.0,1.0,1.0,0.44,0.77,0.0
2164,4,20,1.0,1.0,1.0,0.42,0.82,0.1045
2165,5,20,1.0,1.0,1.0,0.44,0.77,0.0
2166,6,20,1.0,1.0,1.0,0.44,0.77,0.1045
2167,7,20,1.0,1.0,1.0,0.44,0.77,0.1642
2168,8,20,1.0,1.0,2.0,0.46,0.77,0.1045
2169,9,20,1.0,1.0,2.0,0.52,0.63,0.0
2170,10,19,1.0,1.0,1.0,0.54,0.56,0.0
2171,11,19,1.0,1.0,1.0,0.58,0.46,0.0
2172,12,19,1.0,1.0,2.0,0.6,0.43,0.1642
2173,13,19,1.0,1.0,2.0,0.6,0.43,0.1642
2174,14,18,1.0,1.0,2.0,0.6,0.43,0.1045
2175,15,18,1.0,1.0,2.0,0.62,0.43,0.1343
2176,16,18,1.0,1.0,2.0,0.62,0.46,0.2537
2177,17,19,1.0,1.0,3.0,0.56,0.6,0.2537
2178,18,19,1.0,1.0,3.0,0.56,0.64,0.1045
2179,19,20,1.0,1.0,2.0,0.54,0.68,0.1045
2180,20,20,1.0,1.0,3.0,0.54,0.68,0.0
2181,21,20,1.0,1.0,2.0,0.54,0.73,0.1343
2182,22,20,1.0,1.0,3.0,0.54,0.77,0.0896
2183,23,20,1.0,1.0,3.0,0.54,0.77,0.0
